{
  "type": "FeatureCollection",
  "generator": "overpass-turbo",
  "copyright": "The data included in this document is from www.openstreetmap.org. The data is made available under ODbL.",
  "timestamp": "2026-09-14T01:24:17Z",
  "features": [
    {
      "type": "Feature",
      "properties": {
        "@id": "relation/1972920",
        "colour": "#B1CB39",
        "distance": "34.5",
        "duration": "60",
        "from": "品川",
        "interval": "4",
        "interval:conditional": "7 @ Mo-Fr 04:30-05:59; 10 @ Sa-Su 04:30-05:59; 5 @ Mo-Fr 06:00-08:09; 3 @ Mo-Fr 08:10-09:50, 16:50-17:50; 8 @ Sa-Su 06:00-08:09; 4 @ Sa-Su 08:10-09:50; 5 @ Mo-Su 21:00-23:00; 8 @ Mo-Su 23:00-00:59",
        "name": "JR山手線",
        "name:de": "JR Yamanote Linie (im Uhrzeigersinn)",
        "name:en": "JR Yamanote Line (Outer)",
        "name:es": "Línea JR Yamanote (Exterior)",
        "name:it": "Linea Yamanote (esterna)",
        "name:ja": "JR山手線 (外回り)",
        "name:ja-Latn": "Sotomawari",
        "name:ko": "JR 야마노테선",
        "name:ru": "Линия JR Яманотэ",
        "name:zh": "JR山手线 (外圈)",
        "network": "東京近郊区間;山手線",
        "network:en": "Tokyo Suburban Area",
        "network:metro": "山手線",
        "note:interval": "See also traffic information: https://gigazine.net/gsc_news/en/20171206-traffic-information-map",
        "opening_hours": "Mo-Su 04:26-01:18",
        "operator": "東日本旅客鉄道",
        "operator:en": "East Japan Railway Company",
        "public_transport:version": "2",
        "ref": "JY",
        "roundtrip": "yes",
        "route": "train",
        "to": "品川",
        "type": "route",
        "wikidata": "Q693036",
        "wikipedia": "ja:山手線"
      },
      "geometry": {
        "type": "MultiLineString",
        "coordinates": [
          [
            [
              139.7384631,
              35.6294694
            ],
            [
              139.7384653,
              35.6293881
            ],
            [
              139.7384749,
              35.6292355
            ],
            [
              139.7385067,
              35.628654
            ],
            [
              139.7385559,
              35.6277487
            ],
            [
              139.738583,
              35.6272769
            ],
            [
              139.7385921,
              35.6271555
            ],
            [
              139.7386152,
              35.6270281
            ],
            [
              139.7386377,
              35.62692
            ],
            [
              139.7387044,
              35.6264956
            ],
            [
              139.7387412,
              35.6261363
            ],
            [
              139.738753,
              35.6259127
            ],
            [
              139.7387401,
              35.6254012
            ],
            [
              139.7386988,
              35.6250619
            ],
            [
              139.7386437,
              35.6247539
            ],
            [
              139.7385599,
              35.6244466
            ],
            [
              139.7383655,
              35.6236251
            ],
            [
              139.7380051,
              35.6223475
            ],
            [
              139.7378014,
              35.6215881
            ],
            [
              139.7376787,
              35.6211558
            ],
            [
              139.7374352,
              35.620263
            ],
            [
              139.737359,
              35.6199835
            ],
            [
              139.7372628,
              35.6196402
            ],
            [
              139.7371203,
              35.6192438
            ],
            [
              139.7370085,
              35.6190117
            ],
            [
              139.736703,
              35.6185404
            ],
            [
              139.7365175,
              35.6183313
            ],
            [
              139.7363649,
              35.6181653
            ],
            [
              139.7361902,
              35.6179985
            ],
            [
              139.7359912,
              35.6178334
            ],
            [
              139.7357749,
              35.6176705
            ],
            [
              139.7355619,
              35.6175315
            ],
            [
              139.7354029,
              35.6174398
            ],
            [
              139.7352965,
              35.6173836
            ],
            [
              139.7351801,
              35.6173267
            ],
            [
              139.7350655,
              35.6172727
            ],
            [
              139.7349515,
              35.6172241
            ],
            [
              139.7348036,
              35.61717
            ],
            [
              139.7346681,
              35.6171271
            ],
            [
              139.7344312,
              35.6170569
            ],
            [
              139.7342103,
              35.6170014
            ],
            [
              139.7339747,
              35.6169504
            ],
            [
              139.7338456,
              35.616926
            ],
            [
              139.7337136,
              35.6169029
            ],
            [
              139.7335822,
              35.6168811
            ],
            [
              139.7333586,
              35.6168551
            ],
            [
              139.7331978,
              35.6168428
            ],
            [
              139.7329847,
              35.6168329
            ],
            [
              139.732792,
              35.6168307
            ],
            [
              139.7325886,
              35.6168394
            ],
            [
              139.7322947,
              35.6168649
            ],
            [
              139.7319864,
              35.6169115
            ],
            [
              139.7317266,
              35.6169676
            ],
            [
              139.7314192,
              35.6170558
            ],
            [
              139.731167,
              35.6171498
            ],
            [
              139.7309141,
              35.6172595
            ],
            [
              139.7306746,
              35.6173857
            ],
            [
              139.7304795,
              35.6175036
            ],
            [
              139.7302469,
              35.6176674
            ],
            [
              139.7300359,
              35.6178415
            ],
            [
              139.7298547,
              35.6180182
            ],
            [
              139.7296066,
              35.6183016
            ],
            [
              139.7294578,
              35.6184886
            ],
            [
              139.7292654,
              35.6186969
            ],
            [
              139.7290632,
              35.6189646
            ],
            [
              139.7289623,
              35.6190932
            ],
            [
              139.728663,
              35.6194747
            ],
            [
              139.7280607,
              35.6202427
            ],
            [
              139.7276146,
              35.6207857
            ],
            [
              139.7273352,
              35.6211695
            ],
            [
              139.7270346,
              35.6215915
            ],
            [
              139.7262959,
              35.6226208
            ],
            [
              139.7260255,
              35.6229648
            ],
            [
              139.7259945,
              35.6230055
            ],
            [
              139.7257145,
              35.6233788
            ],
            [
              139.725582,
              35.6235481
            ],
            [
              139.7251286,
              35.6241486
            ],
            [
              139.7248822,
              35.6244967
            ],
            [
              139.7247061,
              35.624722
            ],
            [
              139.7245127,
              35.6249714
            ],
            [
              139.7241601,
              35.6254323
            ],
            [
              139.7241076,
              35.6255018
            ],
            [
              139.7239043,
              35.6257699
            ],
            [
              139.7235645,
              35.6262242
            ],
            [
              139.7234586,
              35.6263599
            ],
            [
              139.7232187,
              35.6266606
            ],
            [
              139.7229694,
              35.6269253
            ],
            [
              139.7226872,
              35.6271957
            ],
            [
              139.722392,
              35.6274395
            ],
            [
              139.7220935,
              35.6276681
            ],
            [
              139.7217685,
              35.6278832
            ],
            [
              139.7214444,
              35.628075
            ],
            [
              139.7211021,
              35.6282591
            ],
            [
              139.7207368,
              35.6284377
            ],
            [
              139.7202563,
              35.628652
            ],
            [
              139.7202119,
              35.6286718
            ],
            [
              139.719721,
              35.628891
            ],
            [
              139.7193679,
              35.629047
            ],
            [
              139.7190157,
              35.6292038
            ],
            [
              139.7186644,
              35.6293587
            ],
            [
              139.7183494,
              35.6295028
            ],
            [
              139.7180772,
              35.6296462
            ],
            [
              139.717838,
              35.6297917
            ],
            [
              139.717617,
              35.6299445
            ],
            [
              139.7173894,
              35.6301262
            ],
            [
              139.7171807,
              35.6303179
            ],
            [
              139.7170042,
              35.6304962
            ],
            [
              139.7168517,
              35.6306785
            ],
            [
              139.7167082,
              35.6308877
            ],
            [
              139.7165762,
              35.6311049
            ],
            [
              139.7164624,
              35.6313307
            ],
            [
              139.7164146,
              35.6314373
            ],
            [
              139.7162758,
              35.631829
            ],
            [
              139.7160375,
              35.6327001
            ],
            [
              139.7159054,
              35.6332095
            ],
            [
              139.7157395,
              35.6338196
            ],
            [
              139.7157253,
              35.6338706
            ],
            [
              139.7156689,
              35.6340624
            ],
            [
              139.7154024,
              35.6350709
            ],
            [
              139.7152974,
              35.6354577
            ],
            [
              139.7151855,
              35.6358747
            ],
            [
              139.7150758,
              35.6362734
            ],
            [
              139.7149697,
              35.6367001
            ],
            [
              139.7149358,
              35.6369048
            ],
            [
              139.7149125,
              35.6370982
            ],
            [
              139.7148787,
              35.6374072
            ],
            [
              139.714846,
              35.637647
            ],
            [
              139.7147912,
              35.6378755
            ],
            [
              139.7147189,
              35.6380954
            ],
            [
              139.7146548,
              35.6382489
            ],
            [
              139.7145813,
              35.6383911
            ],
            [
              139.7145568,
              35.6384335
            ],
            [
              139.7145113,
              35.6385125
            ],
            [
              139.7144845,
              35.6385589
            ],
            [
              139.7143629,
              35.6387303
            ],
            [
              139.7141286,
              35.639055
            ],
            [
              139.7140049,
              35.6392353
            ],
            [
              139.7138878,
              35.6394249
            ],
            [
              139.7137831,
              35.6396186
            ],
            [
              139.7136998,
              35.6397976
            ],
            [
              139.7136389,
              35.6399383
            ],
            [
              139.7135439,
              35.6401575
            ],
            [
              139.7134446,
              35.6404093
            ],
            [
              139.7132811,
              35.6407684
            ],
            [
              139.7130875,
              35.6411454
            ],
            [
              139.7128907,
              35.6415048
            ],
            [
              139.712689,
              35.6418806
            ],
            [
              139.7125031,
              35.642224
            ],
            [
              139.7123264,
              35.6425512
            ],
            [
              139.7122637,
              35.6426669
            ],
            [
              139.7115965,
              35.6438525
            ],
            [
              139.7112121,
              35.6444758
            ],
            [
              139.71083,
              35.645119
            ],
            [
              139.7105638,
              35.6455743
            ],
            [
              139.7104072,
              35.6458568
            ],
            [
              139.7101042,
              35.6464034
            ],
            [
              139.7096836,
              35.64717
            ],
            [
              139.7095033,
              35.6475921
            ],
            [
              139.7093536,
              35.6479426
            ],
            [
              139.7091664,
              35.6483306
            ],
            [
              139.7089874,
              35.6486666
            ],
            [
              139.7086592,
              35.6492526
            ],
            [
              139.7086181,
              35.6493258
            ],
            [
              139.7083786,
              35.649761
            ],
            [
              139.7081547,
              35.6501769
            ],
            [
              139.7079938,
              35.6504551
            ],
            [
              139.7078107,
              35.6507443
            ],
            [
              139.7077342,
              35.6508679
            ],
            [
              139.7075953,
              35.6510702
            ],
            [
              139.7072238,
              35.6515148
            ],
            [
              139.7063785,
              35.6525059
            ],
            [
              139.7053748,
              35.6536067
            ],
            [
              139.704577,
              35.6543471
            ],
            [
              139.7043667,
              35.654582
            ],
            [
              139.7038959,
              35.6551161
            ],
            [
              139.703377,
              35.6557234
            ],
            [
              139.7029667,
              35.6561896
            ],
            [
              139.702597,
              35.6566075
            ],
            [
              139.7023838,
              35.6568643
            ],
            [
              139.702292,
              35.6569829
            ],
            [
              139.7019222,
              35.6574693
            ],
            [
              139.7017604,
              35.657729
            ],
            [
              139.7015858,
              35.6580215
            ],
            [
              139.7013705,
              35.6584695
            ],
            [
              139.7012633,
              35.6587727
            ],
            [
              139.7012098,
              35.659026
            ],
            [
              139.7011973,
              35.6591226
            ],
            [
              139.7011756,
              35.6593177
            ],
            [
              139.7011547,
              35.6596012
            ],
            [
              139.7011694,
              35.6598394
            ],
            [
              139.7011985,
              35.6601409
            ],
            [
              139.7012359,
              35.6604982
            ],
            [
              139.7013027,
              35.6612275
            ],
            [
              139.7013525,
              35.6620131
            ],
            [
              139.7013653,
              35.6621653
            ],
            [
              139.7013786,
              35.6623485
            ],
            [
              139.7014641,
              35.6632276
            ],
            [
              139.7014677,
              35.6632709
            ],
            [
              139.7015041,
              35.6635459
            ],
            [
              139.7017503,
              35.6653221
            ],
            [
              139.7018243,
              35.6658547
            ],
            [
              139.7018688,
              35.6661758
            ],
            [
              139.7019172,
              35.666524
            ],
            [
              139.7020999,
              35.6678354
            ],
            [
              139.7022122,
              35.6687223
            ],
            [
              139.7023701,
              35.6702225
            ],
            [
              139.7024234,
              35.6705221
            ],
            [
              139.7024871,
              35.6708316
            ],
            [
              139.7025588,
              35.6711551
            ],
            [
              139.7026272,
              35.671458
            ],
            [
              139.7026796,
              35.6716714
            ],
            [
              139.7027223,
              35.6718289
            ],
            [
              139.7028668,
              35.6722448
            ],
            [
              139.7029141,
              35.672358
            ],
            [
              139.7030742,
              35.6727431
            ],
            [
              139.7035142,
              35.673925
            ],
            [
              139.7036018,
              35.6742133
            ],
            [
              139.7036938,
              35.674486
            ],
            [
              139.7037997,
              35.6748095
            ],
            [
              139.7038708,
              35.675048
            ],
            [
              139.7039206,
              35.6752862
            ],
            [
              139.7039569,
              35.6755466
            ],
            [
              139.7039736,
              35.6757929
            ],
            [
              139.7039675,
              35.6760822
            ],
            [
              139.7039511,
              35.6763728
            ],
            [
              139.7039229,
              35.6768123
            ],
            [
              139.7038946,
              35.6772452
            ],
            [
              139.7038606,
              35.6776576
            ],
            [
              139.7038137,
              35.6780539
            ],
            [
              139.7037487,
              35.6784432
            ],
            [
              139.7036576,
              35.6788089
            ],
            [
              139.703554,
              35.6792007
            ],
            [
              139.7034479,
              35.6795971
            ],
            [
              139.7033101,
              35.6800923
            ],
            [
              139.703269,
              35.6802413
            ],
            [
              139.7030902,
              35.6808855
            ],
            [
              139.7030069,
              35.6811913
            ],
            [
              139.7029167,
              35.6815223
            ],
            [
              139.7028909,
              35.6816086
            ],
            [
              139.7028634,
              35.6816963
            ],
            [
              139.7028315,
              35.6817858
            ],
            [
              139.7027988,
              35.6818739
            ],
            [
              139.7027525,
              35.6819904
            ],
            [
              139.7027276,
              35.6820496
            ],
            [
              139.7027019,
              35.682108
            ],
            [
              139.7026774,
              35.6821624
            ],
            [
              139.7026503,
              35.6822185
            ],
            [
              139.7025961,
              35.6823308
            ],
            [
              139.7024972,
              35.682535
            ],
            [
              139.702336,
              35.6828712
            ],
            [
              139.7023141,
              35.6829157
            ],
            [
              139.7022798,
              35.6829895
            ],
            [
              139.7022478,
              35.6830656
            ],
            [
              139.7022159,
              35.6831432
            ],
            [
              139.7021772,
              35.6832402
            ],
            [
              139.7021502,
              35.6833184
            ],
            [
              139.7021264,
              35.6833911
            ],
            [
              139.7021098,
              35.6834488
            ],
            [
              139.7020941,
              35.68351
            ],
            [
              139.7019863,
              35.6839356
            ],
            [
              139.7018485,
              35.6844825
            ],
            [
              139.7018179,
              35.6846026
            ],
            [
              139.7017846,
              35.6847227
            ],
            [
              139.7017367,
              35.6848783
            ],
            [
              139.701674,
              35.6850552
            ],
            [
              139.7016256,
              35.685183
            ],
            [
              139.701608,
              35.6852247
            ],
            [
              139.7015489,
              35.6853641
            ],
            [
              139.7014673,
              35.6855489
            ],
            [
              139.701381,
              35.6857375
            ],
            [
              139.7013139,
              35.6858872
            ],
            [
              139.7012479,
              35.6860379
            ],
            [
              139.7011894,
              35.6861718
            ],
            [
              139.701162,
              35.6862392
            ],
            [
              139.7011345,
              35.6863104
            ],
            [
              139.7010888,
              35.6864447
            ],
            [
              139.7010453,
              35.6865819
            ],
            [
              139.7009755,
              35.6868238
            ],
            [
              139.7009033,
              35.6870657
            ],
            [
              139.700865,
              35.6871936
            ],
            [
              139.7008437,
              35.6872547
            ],
            [
              139.7008197,
              35.6873179
            ],
            [
              139.7007666,
              35.6874486
            ],
            [
              139.700713,
              35.6875797
            ],
            [
              139.7006059,
              35.6878341
            ],
            [
              139.7005577,
              35.6879528
            ],
            [
              139.7005232,
              35.6880511
            ],
            [
              139.7004945,
              35.6881427
            ],
            [
              139.7004507,
              35.688306
            ],
            [
              139.7004081,
              35.6884702
            ],
            [
              139.7003254,
              35.6887992
            ],
            [
              139.7002855,
              35.6889594
            ],
            [
              139.7001593,
              35.6894574
            ],
            [
              139.7001225,
              35.6896301
            ],
            [
              139.7000906,
              35.6898061
            ],
            [
              139.7000351,
              35.690186
            ],
            [
              139.7000255,
              35.6902795
            ],
            [
              139.6999921,
              35.6906202
            ],
            [
              139.6999869,
              35.690724
            ],
            [
              139.6999838,
              35.6907679
            ],
            [
              139.6999813,
              35.6908082
            ],
            [
              139.6999786,
              35.6908714
            ],
            [
              139.6999774,
              35.690901
            ],
            [
              139.6999767,
              35.6909348
            ],
            [
              139.6999782,
              35.6912221
            ],
            [
              139.6999837,
              35.6914764
            ],
            [
              139.6999855,
              35.6917155
            ],
            [
              139.6999889,
              35.6919053
            ],
            [
              139.6999913,
              35.6920799
            ],
            [
              139.6999909,
              35.6921343
            ],
            [
              139.6999887,
              35.69219
            ],
            [
              139.6999839,
              35.692298
            ],
            [
              139.6999821,
              35.6923292
            ],
            [
              139.6999796,
              35.6923617
            ],
            [
              139.699973,
              35.6924313
            ],
            [
              139.6999653,
              35.6924986
            ],
            [
              139.6999552,
              35.6925659
            ],
            [
              139.6999397,
              35.6926633
            ],
            [
              139.6999073,
              35.6928164
            ],
            [
              139.6998816,
              35.6929252
            ],
            [
              139.6997687,
              35.6933708
            ],
            [
              139.699655,
              35.6938708
            ],
            [
              139.6995386,
              35.6942662
            ],
            [
              139.6994318,
              35.6946894
            ],
            [
              139.6993794,
              35.69494
            ],
            [
              139.6993445,
              35.6951843
            ],
            [
              139.6993238,
              35.6953871
            ],
            [
              139.6993118,
              35.6956633
            ],
            [
              139.6993179,
              35.6959155
            ],
            [
              139.6993596,
              35.696201
            ],
            [
              139.6994274,
              35.6964827
            ],
            [
              139.6994506,
              35.6965865
            ],
            [
              139.6995307,
              35.6968195
            ],
            [
              139.6995939,
              35.6970123
            ],
            [
              139.6996911,
              35.6973115
            ],
            [
              139.6997193,
              35.6974032
            ],
            [
              139.6997625,
              35.6975352
            ],
            [
              139.6998602,
              35.6979197
            ],
            [
              139.6999189,
              35.698211
            ],
            [
              139.6999762,
              35.6985818
            ],
            [
              139.700013,
              35.6989329
            ],
            [
              139.7000465,
              35.6992551
            ],
            [
              139.7000752,
              35.6996509
            ],
            [
              139.7000758,
              35.6997223
            ],
            [
              139.7001103,
              35.7005299
            ],
            [
              139.7001775,
              35.7012014
            ],
            [
              139.7001876,
              35.7013028
            ],
            [
              139.7001956,
              35.7013824
            ],
            [
              139.7002111,
              35.7015371
            ],
            [
              139.7002259,
              35.7016852
            ],
            [
              139.7003481,
              35.7024085
            ],
            [
              139.7004411,
              35.7032294
            ],
            [
              139.7005146,
              35.7036384
            ],
            [
              139.7005989,
              35.7039949
            ],
            [
              139.7006303,
              35.7041184
            ],
            [
              139.7006573,
              35.704202
            ],
            [
              139.7009251,
              35.7049946
            ],
            [
              139.7017949,
              35.7074522
            ],
            [
              139.702189,
              35.7085753
            ],
            [
              139.7023494,
              35.7090067
            ],
            [
              139.7024475,
              35.7092777
            ],
            [
              139.7025572,
              35.7095885
            ],
            [
              139.7028097,
              35.7103013
            ],
            [
              139.7029492,
              35.710695
            ],
            [
              139.7031932,
              35.7114568
            ],
            [
              139.7033777,
              35.7120534
            ],
            [
              139.7035866,
              35.7126962
            ],
            [
              139.7036937,
              35.7130612
            ],
            [
              139.7038689,
              35.7135822
            ],
            [
              139.7039092,
              35.7136975
            ],
            [
              139.703997,
              35.7138967
            ],
            [
              139.7041714,
              35.7142802
            ],
            [
              139.7043253,
              35.7146486
            ],
            [
              139.704359,
              35.7147761
            ],
            [
              139.7045694,
              35.7153855
            ],
            [
              139.7046316,
              35.7155614
            ],
            [
              139.7047649,
              35.7159685
            ],
            [
              139.7048406,
              35.7162068
            ],
            [
              139.7051845,
              35.7173701
            ],
            [
              139.7052293,
              35.717519
            ],
            [
              139.7055436,
              35.7185635
            ],
            [
              139.7057858,
              35.7192819
            ],
            [
              139.7059652,
              35.719876
            ],
            [
              139.7061713,
              35.7205075
            ],
            [
              139.7063414,
              35.721026
            ],
            [
              139.7064126,
              35.7212053
            ],
            [
              139.7065048,
              35.7214037
            ],
            [
              139.7067015,
              35.7217865
            ],
            [
              139.7067449,
              35.7218734
            ],
            [
              139.7070916,
              35.7225202
            ],
            [
              139.7078721,
              35.7240169
            ],
            [
              139.7082132,
              35.7246595
            ],
            [
              139.7083661,
              35.7249537
            ],
            [
              139.7085739,
              35.7253412
            ],
            [
              139.7087632,
              35.7257163
            ],
            [
              139.7089259,
              35.7260506
            ],
            [
              139.7090948,
              35.7263967
            ],
            [
              139.709288,
              35.7267725
            ],
            [
              139.7094881,
              35.7271524
            ],
            [
              139.7096419,
              35.7274422
            ],
            [
              139.7097958,
              35.7277385
            ],
            [
              139.7100245,
              35.7282823
            ],
            [
              139.7100744,
              35.7284009
            ],
            [
              139.7103303,
              35.7289905
            ],
            [
              139.7104762,
              35.72933
            ],
            [
              139.7105685,
              35.7295147
            ],
            [
              139.710949,
              35.730257
            ],
            [
              139.7118478,
              35.7319514
            ],
            [
              139.7119177,
              35.7320781
            ],
            [
              139.711978,
              35.7321813
            ],
            [
              139.712043,
              35.7322844
            ],
            [
              139.71219,
              35.7325064
            ],
            [
              139.7123849,
              35.7327803
            ],
            [
              139.7124415,
              35.7328569
            ],
            [
              139.7125083,
              35.7329447
            ],
            [
              139.7125706,
              35.7330239
            ],
            [
              139.7126341,
              35.7331026
            ],
            [
              139.7126988,
              35.7331752
            ],
            [
              139.7127487,
              35.7332286
            ],
            [
              139.7128104,
              35.7332912
            ],
            [
              139.7128589,
              35.733338
            ],
            [
              139.7130013,
              35.733461
            ],
            [
              139.713276,
              35.7336765
            ],
            [
              139.7136725,
              35.7339374
            ],
            [
              139.7139129,
              35.7340752
            ],
            [
              139.7141944,
              35.7341982
            ],
            [
              139.7146858,
              35.7343514
            ],
            [
              139.7149966,
              35.7344359
            ],
            [
              139.7152666,
              35.7344997
            ],
            [
              139.7155455,
              35.7345539
            ],
            [
              139.7160769,
              35.7346306
            ],
            [
              139.7163776,
              35.7346496
            ],
            [
              139.7166477,
              35.734657
            ],
            [
              139.7168665,
              35.7346496
            ],
            [
              139.7170955,
              35.7346348
            ],
            [
              139.7173154,
              35.7346144
            ],
            [
              139.7175331,
              35.7345784
            ],
            [
              139.7178612,
              35.7345229
            ],
            [
              139.7182338,
              35.7344276
            ],
            [
              139.7182878,
              35.7344133
            ],
            [
              139.7185472,
              35.7343444
            ],
            [
              139.7198063,
              35.7340077
            ],
            [
              139.7212867,
              35.7336147
            ],
            [
              139.7222045,
              35.7333724
            ],
            [
              139.7227891,
              35.73321
            ],
            [
              139.7232786,
              35.7330809
            ],
            [
              139.7241574,
              35.7328408
            ],
            [
              139.7260809,
              35.7323431
            ],
            [
              139.7265585,
              35.7322281
            ],
            [
              139.7273324,
              35.7320459
            ],
            [
              139.7283329,
              35.7317998
            ],
            [
              139.7286102,
              35.7317315
            ],
            [
              139.7288458,
              35.7316703
            ],
            [
              139.7295828,
              35.7314239
            ],
            [
              139.730069,
              35.7313025
            ],
            [
              139.7303287,
              35.7312367
            ],
            [
              139.7307955,
              35.7311205
            ],
            [
              139.7311695,
              35.7310388
            ],
            [
              139.7314514,
              35.7309932
            ],
            [
              139.7317319,
              35.7309582
            ],
            [
              139.7320247,
              35.7309454
            ],
            [
              139.7323341,
              35.73094
            ],
            [
              139.7326209,
              35.7309523
            ],
            [
              139.7329137,
              35.7309697
            ],
            [
              139.7331827,
              35.7309983
            ],
            [
              139.7334949,
              35.7310456
            ],
            [
              139.7337488,
              35.7310999
            ],
            [
              139.7340127,
              35.731167
            ],
            [
              139.7342954,
              35.7312546
            ],
            [
              139.7345608,
              35.7313486
            ],
            [
              139.7348989,
              35.7314876
            ],
            [
              139.7352498,
              35.7316353
            ],
            [
              139.7355368,
              35.7317532
            ],
            [
              139.7361072,
              35.7319879
            ],
            [
              139.7365107,
              35.7321555
            ],
            [
              139.7369055,
              35.7323178
            ],
            [
              139.7373946,
              35.7325274
            ],
            [
              139.7378391,
              35.7327242
            ],
            [
              139.7382743,
              35.7329192
            ],
            [
              139.7386397,
              35.7330937
            ],
            [
              139.7391877,
              35.7333612
            ],
            [
              139.7394013,
              35.7334579
            ],
            [
              139.7396861,
              35.7335869
            ],
            [
              139.7415208,
              35.734305
            ],
            [
              139.7418932,
              35.7344534
            ],
            [
              139.7423029,
              35.7346129
            ],
            [
              139.7427025,
              35.7347704
            ],
            [
              139.7430727,
              35.7349262
            ],
            [
              139.743514,
              35.7351085
            ],
            [
              139.7439522,
              35.7352834
            ],
            [
              139.7444191,
              35.7354589
            ],
            [
              139.7448724,
              35.7356319
            ],
            [
              139.7452403,
              35.7357731
            ],
            [
              139.7456349,
              35.7359405
            ],
            [
              139.7460025,
              35.7360887
            ],
            [
              139.7465177,
              35.7363181
            ],
            [
              139.747219,
              35.7366191
            ],
            [
              139.7487011,
              35.7372551
            ],
            [
              139.7495136,
              35.7376008
            ],
            [
              139.7499351,
              35.7377956
            ],
            [
              139.7501475,
              35.7379002
            ],
            [
              139.7502125,
              35.7379321
            ],
            [
              139.7503646,
              35.7380071
            ],
            [
              139.7507384,
              35.7381896
            ],
            [
              139.7511343,
              35.7383866
            ],
            [
              139.7516053,
              35.7386286
            ],
            [
              139.7520048,
              35.7388299
            ],
            [
              139.7524421,
              35.739056
            ],
            [
              139.7525748,
              35.7391261
            ],
            [
              139.7529055,
              35.7393017
            ],
            [
              139.75333,
              35.7395205
            ],
            [
              139.7536675,
              35.7396954
            ],
            [
              139.7538251,
              35.7397762
            ],
            [
              139.7544571,
              35.7401008
            ],
            [
              139.7546452,
              35.7401899
            ],
            [
              139.7548269,
              35.7402672
            ],
            [
              139.7549093,
              35.7402976
            ],
            [
              139.7550734,
              35.7403475
            ],
            [
              139.7552863,
              35.7404065
            ],
            [
              139.7556212,
              35.7404744
            ],
            [
              139.7558013,
              35.7404975
            ],
            [
              139.7560497,
              35.7405191
            ],
            [
              139.7563102,
              35.7405254
            ],
            [
              139.7565553,
              35.7405155
            ],
            [
              139.756848,
              35.7404786
            ],
            [
              139.7571164,
              35.74043
            ],
            [
              139.7574113,
              35.7403571
            ],
            [
              139.7576896,
              35.7402671
            ],
            [
              139.7580478,
              35.7401348
            ],
            [
              139.7583849,
              35.7399908
            ],
            [
              139.7585889,
              35.7398828
            ],
            [
              139.7588295,
              35.7397478
            ],
            [
              139.7590768,
              35.7395966
            ],
            [
              139.7593075,
              35.7394327
            ],
            [
              139.7595669,
              35.7392086
            ],
            [
              139.7599059,
              35.7389255
            ],
            [
              139.7600983,
              35.7387738
            ],
            [
              139.7603055,
              35.7385992
            ],
            [
              139.7617238,
              35.7373845
            ],
            [
              139.7618902,
              35.7372419
            ],
            [
              139.7624429,
              35.7367828
            ],
            [
              139.7626593,
              35.7366028
            ],
            [
              139.7628589,
              35.7364317
            ],
            [
              139.7630941,
              35.7362163
            ],
            [
              139.7631246,
              35.7361891
            ],
            [
              139.7636155,
              35.7357501
            ],
            [
              139.7636899,
              35.7356835
            ],
            [
              139.7639972,
              35.7354025
            ],
            [
              139.7642862,
              35.7351385
            ],
            [
              139.7645404,
              35.7348873
            ],
            [
              139.7647125,
              35.7347095
            ],
            [
              139.7647724,
              35.7346476
            ],
            [
              139.7649556,
              35.7344515
            ],
            [
              139.7651356,
              35.7342542
            ],
            [
              139.7653756,
              35.7339901
            ],
            [
              139.7655919,
              35.7337274
            ],
            [
              139.7658729,
              35.7333686
            ],
            [
              139.7660261,
              35.733152
            ],
            [
              139.7662304,
              35.7328743
            ],
            [
              139.766696,
              35.7322151
            ],
            [
              139.7667753,
              35.73209
            ],
            [
              139.7670034,
              35.731755
            ],
            [
              139.7674344,
              35.7311718
            ],
            [
              139.7687757,
              35.7296255
            ],
            [
              139.7692986,
              35.7290466
            ],
            [
              139.7695485,
              35.7287912
            ],
            [
              139.7698082,
              35.7285462
            ],
            [
              139.770053,
              35.7283269
            ],
            [
              139.7704317,
              35.7279885
            ],
            [
              139.7711595,
              35.7273551
            ],
            [
              139.7713068,
              35.7272226
            ],
            [
              139.7714754,
              35.7270874
            ],
            [
              139.7716336,
              35.7269736
            ],
            [
              139.7717271,
              35.7269031
            ],
            [
              139.7720017,
              35.7267156
            ],
            [
              139.7725579,
              35.7263559
            ],
            [
              139.7729741,
              35.7260871
            ],
            [
              139.7732983,
              35.7258623
            ],
            [
              139.7735987,
              35.7256397
            ],
            [
              139.7738918,
              35.7253959
            ],
            [
              139.7741659,
              35.725142
            ],
            [
              139.7744487,
              35.7248786
            ],
            [
              139.7747174,
              35.7246318
            ],
            [
              139.7751175,
              35.7242626
            ],
            [
              139.7753899,
              35.7240069
            ],
            [
              139.7757194,
              35.7237018
            ],
            [
              139.7761049,
              35.7233415
            ],
            [
              139.7764053,
              35.7230591
            ],
            [
              139.7767676,
              35.7227284
            ],
            [
              139.7770072,
              35.7225122
            ],
            [
              139.7774705,
              35.7221124
            ],
            [
              139.7778098,
              35.7218202
            ],
            [
              139.7779296,
              35.7217118
            ],
            [
              139.7785361,
              35.7211073
            ],
            [
              139.7790465,
              35.7206069
            ],
            [
              139.7792395,
              35.7203959
            ],
            [
              139.7794204,
              35.7201548
            ],
            [
              139.7795343,
              35.7199518
            ],
            [
              139.779628,
              35.7197306
            ],
            [
              139.7796906,
              35.719533
            ],
            [
              139.7797531,
              35.7192684
            ],
            [
              139.7797709,
              35.7191052
            ],
            [
              139.7797779,
              35.7188632
            ],
            [
              139.779759,
              35.7186416
            ],
            [
              139.7797256,
              35.7184099
            ],
            [
              139.7797166,
              35.718347
            ],
            [
              139.7796861,
              35.7182047
            ],
            [
              139.7796321,
              35.7179971
            ],
            [
              139.7796307,
              35.7179932
            ],
            [
              139.7795511,
              35.7177853
            ],
            [
              139.779437,
              35.71757
            ],
            [
              139.7793046,
              35.7173457
            ],
            [
              139.7791247,
              35.7171184
            ],
            [
              139.7789542,
              35.7169225
            ],
            [
              139.7786945,
              35.7166341
            ],
            [
              139.7783883,
              35.7162908
            ],
            [
              139.7781507,
              35.7160284
            ],
            [
              139.7779287,
              35.7157804
            ],
            [
              139.7776994,
              35.7155243
            ],
            [
              139.7775059,
              35.7153059
            ],
            [
              139.7771582,
              35.7149173
            ],
            [
              139.777073,
              35.7148267
            ],
            [
              139.7768054,
              35.7144948
            ],
            [
              139.7767375,
              35.7143988
            ],
            [
              139.7766183,
              35.7142496
            ],
            [
              139.7763874,
              35.7139313
            ],
            [
              139.7761427,
              35.7135763
            ],
            [
              139.7760768,
              35.7134811
            ],
            [
              139.7759567,
              35.7133038
            ],
            [
              139.7758305,
              35.7131174
            ],
            [
              139.7751392,
              35.7121022
            ],
            [
              139.7750361,
              35.7119228
            ],
            [
              139.7750055,
              35.7118587
            ],
            [
              139.7749018,
              35.7116793
            ],
            [
              139.7748025,
              35.7114236
            ],
            [
              139.7747239,
              35.7110906
            ],
            [
              139.7746846,
              35.7107005
            ],
            [
              139.7746942,
              35.7104057
            ],
            [
              139.7747477,
              35.7100978
            ],
            [
              139.7747963,
              35.7098062
            ],
            [
              139.7748512,
              35.7095136
            ],
            [
              139.774906,
              35.709221
            ],
            [
              139.7749324,
              35.7089864
            ],
            [
              139.7749285,
              35.7086857
            ],
            [
              139.7749061,
              35.7084343
            ],
            [
              139.7748574,
              35.708139
            ],
            [
              139.7747857,
              35.7076835
            ],
            [
              139.774715,
              35.7072847
            ],
            [
              139.7746504,
              35.7069502
            ],
            [
              139.7745307,
              35.7062478
            ],
            [
              139.7744993,
              35.7060494
            ],
            [
              139.7744718,
              35.7058754
            ],
            [
              139.7744523,
              35.7057517
            ],
            [
              139.7743695,
              35.7052592
            ],
            [
              139.774351,
              35.7051491
            ],
            [
              139.7743277,
              35.705011
            ],
            [
              139.77432,
              35.7049656
            ],
            [
              139.7742947,
              35.7048177
            ],
            [
              139.7742268,
              35.7043826
            ],
            [
              139.7742044,
              35.7042423
            ],
            [
              139.7741439,
              35.7038814
            ],
            [
              139.7740964,
              35.7036088
            ],
            [
              139.77403,
              35.703309
            ],
            [
              139.7739146,
              35.7029253
            ],
            [
              139.7738242,
              35.7026567
            ],
            [
              139.7737598,
              35.702465
            ],
            [
              139.77363,
              35.7020737
            ],
            [
              139.7735853,
              35.7019198
            ],
            [
              139.7735659,
              35.7018529
            ],
            [
              139.7734829,
              35.7015471
            ],
            [
              139.773463,
              35.7014571
            ],
            [
              139.7732357,
              35.6997734
            ],
            [
              139.7732152,
              35.6996016
            ],
            [
              139.7731976,
              35.6994003
            ],
            [
              139.7731289,
              35.6989367
            ],
            [
              139.7730592,
              35.6983647
            ],
            [
              139.7729738,
              35.6976506
            ],
            [
              139.7729486,
              35.6974488
            ],
            [
              139.7729258,
              35.6972672
            ],
            [
              139.7728553,
              35.6967197
            ],
            [
              139.7728301,
              35.6965319
            ],
            [
              139.7727859,
              35.6963028
            ],
            [
              139.7726853,
              35.6958782
            ],
            [
              139.7725549,
              35.6954683
            ],
            [
              139.7724485,
              35.6951777
            ],
            [
              139.7722772,
              35.6947697
            ],
            [
              139.7721487,
              35.6944709
            ],
            [
              139.7719273,
              35.6939487
            ],
            [
              139.7717326,
              35.6934787
            ],
            [
              139.7715929,
              35.6931271
            ],
            [
              139.771479,
              35.6928797
            ],
            [
              139.7713438,
              35.6925369
            ],
            [
              139.7711587,
              35.6921048
            ],
            [
              139.7710125,
              35.6917689
            ],
            [
              139.7708143,
              35.6913011
            ],
            [
              139.7706397,
              35.690873
            ],
            [
              139.7705027,
              35.6905478
            ],
            [
              139.7703878,
              35.6902709
            ],
            [
              139.770203,
              35.6898254
            ],
            [
              139.7701111,
              35.6895943
            ],
            [
              139.7700379,
              35.6894397
            ],
            [
              139.7699871,
              35.6893167
            ],
            [
              139.7699263,
              35.6891479
            ],
            [
              139.769847,
              35.6889599
            ],
            [
              139.7697834,
              35.6888091
            ],
            [
              139.7697516,
              35.6887338
            ],
            [
              139.7695737,
              35.6883092
            ],
            [
              139.7695511,
              35.6882547
            ],
            [
              139.7694344,
              35.687974
            ],
            [
              139.7690492,
              35.6869949
            ],
            [
              139.7685222,
              35.6856395
            ],
            [
              139.76817,
              35.6849022
            ],
            [
              139.7679898,
              35.6844478
            ],
            [
              139.7678405,
              35.6840553
            ],
            [
              139.767563,
              35.6833848
            ],
            [
              139.7674833,
              35.6832209
            ],
            [
              139.7673672,
              35.6829816
            ],
            [
              139.7672097,
              35.6826518
            ],
            [
              139.7668857,
              35.6819783
            ],
            [
              139.7666095,
              35.681244
            ],
            [
              139.766254,
              35.6803067
            ],
            [
              139.7661797,
              35.6800557
            ],
            [
              139.7659831,
              35.679163
            ],
            [
              139.7658807,
              35.6788416
            ],
            [
              139.7657421,
              35.6784908
            ],
            [
              139.7654559,
              35.6777259
            ],
            [
              139.7653286,
              35.6774036
            ],
            [
              139.7651868,
              35.6770801
            ],
            [
              139.7650627,
              35.6768337
            ],
            [
              139.7649191,
              35.6765986
            ],
            [
              139.7647657,
              35.6763954
            ],
            [
              139.7645532,
              35.6761529
            ],
            [
              139.7644224,
              35.6760235
            ],
            [
              139.7642538,
              35.6758716
            ],
            [
              139.7640061,
              35.6756751
            ],
            [
              139.7637395,
              35.675468
            ],
            [
              139.7630598,
              35.6749429
            ],
            [
              139.7624871,
              35.674506
            ],
            [
              139.7622161,
              35.6742978
            ],
            [
              139.7620188,
              35.6741453
            ],
            [
              139.761555,
              35.6737797
            ],
            [
              139.7614629,
              35.6737018
            ],
            [
              139.7613232,
              35.673585
            ],
            [
              139.7612023,
              35.6734739
            ],
            [
              139.7611234,
              35.6734006
            ],
            [
              139.7609172,
              35.673194
            ],
            [
              139.7608139,
              35.673078
            ],
            [
              139.7607303,
              35.6729796
            ],
            [
              139.7605259,
              35.6727121
            ],
            [
              139.7604519,
              35.6726143
            ],
            [
              139.7603405,
              35.6724521
            ],
            [
              139.7602794,
              35.6723532
            ],
            [
              139.7602129,
              35.6722423
            ],
            [
              139.7601108,
              35.6720725
            ],
            [
              139.7598469,
              35.6716239
            ],
            [
              139.7594473,
              35.6709124
            ],
            [
              139.7589959,
              35.6700863
            ],
            [
              139.7587358,
              35.6696383
            ],
            [
              139.7586394,
              35.6694721
            ],
            [
              139.758452,
              35.6691332
            ],
            [
              139.7583939,
              35.6690226
            ],
            [
              139.7583259,
              35.6688885
            ],
            [
              139.7582677,
              35.6687578
            ],
            [
              139.7582312,
              35.6686567
            ],
            [
              139.7581968,
              35.6685628
            ],
            [
              139.7581725,
              35.6684914
            ],
            [
              139.7581204,
              35.668316
            ],
            [
              139.7580757,
              35.6680968
            ],
            [
              139.7580518,
              35.6679477
            ],
            [
              139.7580333,
              35.6677925
            ],
            [
              139.7580069,
              35.6673942
            ],
            [
              139.7580032,
              35.6672763
            ],
            [
              139.7580261,
              35.6669427
            ],
            [
              139.7580848,
              35.6665599
            ],
            [
              139.7581443,
              35.6661629
            ],
            [
              139.7582272,
              35.6656835
            ],
            [
              139.7582559,
              35.6655105
            ],
            [
              139.7582938,
              35.665267
            ],
            [
              139.7584121,
              35.6644362
            ],
            [
              139.7584515,
              35.6642321
            ],
            [
              139.7584778,
              35.6640533
            ],
            [
              139.7584923,
              35.6639548
            ],
            [
              139.7585074,
              35.6638734
            ],
            [
              139.7585573,
              35.6635077
            ],
            [
              139.7585762,
              35.6633347
            ],
            [
              139.7585979,
              35.6630848
            ],
            [
              139.7586195,
              35.6626343
            ],
            [
              139.7586208,
              35.6622846
            ],
            [
              139.7586137,
              35.6619401
            ],
            [
              139.7586053,
              35.6618395
            ],
            [
              139.7585869,
              35.6616213
            ],
            [
              139.7585601,
              35.6613015
            ],
            [
              139.7584957,
              35.6608503
            ],
            [
              139.7584035,
              35.6603508
            ],
            [
              139.7582653,
              35.6597629
            ],
            [
              139.7582484,
              35.6596957
            ],
            [
              139.757863,
              35.6581096
            ],
            [
              139.7576251,
              35.6571388
            ],
            [
              139.7575012,
              35.6566776
            ],
            [
              139.7574177,
              35.6563573
            ],
            [
              139.7570791,
              35.6551083
            ],
            [
              139.7570092,
              35.6548505
            ],
            [
              139.7569372,
              35.6545737
            ],
            [
              139.756671,
              35.6535577
            ],
            [
              139.7565412,
              35.6530815
            ],
            [
              139.7564648,
              35.6528079
            ],
            [
              139.7564267,
              35.65268
            ],
            [
              139.7563122,
              35.6523408
            ],
            [
              139.7561584,
              35.6519376
            ],
            [
              139.7559883,
              35.6515541
            ],
            [
              139.7557788,
              35.65114
            ],
            [
              139.7555329,
              35.6507224
            ],
            [
              139.7553372,
              35.6504138
            ],
            [
              139.755117,
              35.650108
            ],
            [
              139.7549102,
              35.6498479
            ],
            [
              139.7546093,
              35.6495224
            ],
            [
              139.7540333,
              35.649027
            ],
            [
              139.7536685,
              35.6487427
            ],
            [
              139.7532829,
              35.6484599
            ],
            [
              139.7530531,
              35.6483064
            ],
            [
              139.7528602,
              35.6481937
            ],
            [
              139.7526533,
              35.6480842
            ],
            [
              139.7524486,
              35.6479831
            ],
            [
              139.7519476,
              35.6477555
            ],
            [
              139.7517563,
              35.6476709
            ],
            [
              139.7515306,
              35.6475658
            ],
            [
              139.7507013,
              35.6471634
            ],
            [
              139.7500835,
              35.6468673
            ],
            [
              139.749981,
              35.646818
            ],
            [
              139.7498974,
              35.6467777
            ],
            [
              139.7476996,
              35.6457199
            ],
            [
              139.7473869,
              35.645572
            ],
            [
              139.7468116,
              35.6452964
            ],
            [
              139.7464732,
              35.6451283
            ],
            [
              139.7462367,
              35.6450057
            ],
            [
              139.7460804,
              35.6449157
            ],
            [
              139.7459742,
              35.6448546
            ],
            [
              139.7457288,
              35.6447202
            ],
            [
              139.7450531,
              35.6443422
            ],
            [
              139.7445578,
              35.6439979
            ],
            [
              139.7443296,
              35.6437995
            ],
            [
              139.7441447,
              35.6436258
            ],
            [
              139.7438508,
              35.6432775
            ],
            [
              139.7437187,
              35.6431031
            ],
            [
              139.7436071,
              35.6429429
            ],
            [
              139.7434999,
              35.6427709
            ],
            [
              139.7433689,
              35.6425227
            ],
            [
              139.7432119,
              35.6421816
            ],
            [
              139.7431219,
              35.6419364
            ],
            [
              139.7430394,
              35.6416615
            ],
            [
              139.7427278,
              35.6403546
            ],
            [
              139.7425599,
              35.639896
            ],
            [
              139.7420775,
              35.6388199
            ],
            [
              139.7419325,
              35.638468
            ],
            [
              139.7415823,
              35.637549
            ],
            [
              139.7410577,
              35.6363921
            ],
            [
              139.7406431,
              35.6354057
            ],
            [
              139.7403185,
              35.6346337
            ],
            [
              139.740098,
              35.6340868
            ],
            [
              139.7398147,
              35.6333155
            ],
            [
              139.7397315,
              35.6330844
            ],
            [
              139.7395143,
              35.6325569
            ],
            [
              139.7391869,
              35.6318426
            ],
            [
              139.7390674,
              35.6315819
            ],
            [
              139.7390253,
              35.6314874
            ],
            [
              139.7388426,
              35.6310857
            ],
            [
              139.7387815,
              35.6309469
            ],
            [
              139.738734,
              35.6308315
            ],
            [
              139.7386712,
              35.6306636
            ],
            [
              139.7386265,
              35.6305344
            ],
            [
              139.7385843,
              35.6303878
            ],
            [
              139.7385481,
              35.6302309
            ],
            [
              139.7385133,
              35.6300474
            ],
            [
              139.7384943,
              35.6299132
            ],
            [
              139.7384768,
              35.6297612
            ],
            [
              139.7384678,
              35.6296036
            ],
            [
              139.7384631,
              35.6294694
            ]
          ],
          [
            [
              139.7386297,
              35.6271769
            ],
            [
              139.7387454,
              35.6271798
            ],
            [
              139.7385968,
              35.6294522
            ],
            [
              139.7385069,
              35.6294494
            ],
            [
              139.7385964,
              35.6276588
            ],
            [
              139.7386297,
              35.6271769
            ]
          ],
          [
            [
              139.741032,
              35.6363727
            ],
            [
              139.7402111,
              35.6344118
            ],
            [
              139.7401149,
              35.6344382
            ],
            [
              139.7409518,
              35.6363931
            ],
            [
              139.741032,
              35.6363727
            ]
          ],
          [
            [
              139.7464964,
              35.6450985
            ],
            [
              139.7464822,
              35.6451167
            ],
            [
              139.7468287,
              35.6452839
            ],
            [
              139.7474092,
              35.6455558
            ],
            [
              139.7483763,
              35.6460086
            ],
            [
              139.748674,
              35.6461438
            ],
            [
              139.7486781,
              35.646134
            ],
            [
              139.748687,
              35.646119
            ],
            [
              139.7484031,
              35.645977
            ],
            [
              139.7474339,
              35.645518
            ],
            [
              139.7468686,
              35.6452469
            ],
            [
              139.7465107,
              35.6450803
            ],
            [
              139.7464964,
              35.6450985
            ]
          ],
          [
            [
              139.7573509,
              35.6560628
            ],
            [
              139.7573888,
              35.6560562
            ],
            [
              139.757426,
              35.6560498
            ],
            [
              139.7572973,
              35.6555485
            ],
            [
              139.7572517,
              35.6553611
            ],
            [
              139.7571658,
              35.6550625
            ],
            [
              139.7569888,
              35.6544653
            ],
            [
              139.7569212,
              35.6544767
            ],
            [
              139.7572251,
              35.6555911
            ],
            [
              139.7573509,
              35.6560628
            ]
          ],
          [
            [
              139.7582602,
              35.6656144
            ],
            [
              139.7582763,
              35.6656162
            ],
            [
              139.7583005,
              35.6656188
            ],
            [
              139.7583192,
              35.6656209
            ],
            [
              139.7582689,
              35.6661739
            ],
            [
              139.7581437,
              35.6669311
            ],
            [
              139.7580924,
              35.6672839
            ],
            [
              139.7580646,
              35.6676727
            ],
            [
              139.7580565,
              35.6676725
            ],
            [
              139.7580456,
              35.6676723
            ],
            [
              139.7580378,
              35.6676722
            ],
            [
              139.7580241,
              35.6672879
            ],
            [
              139.7580425,
              35.6670034
            ],
            [
              139.7581623,
              35.6661619
            ],
            [
              139.7582602,
              35.6656144
            ]
          ],
          [
            [
              139.7703624,
              35.7280727
            ],
            [
              139.7702478,
              35.7281771
            ],
            [
              139.7702995,
              35.7282175
            ],
            [
              139.770754,
              35.7278301
            ],
            [
              139.7708918,
              35.72771
            ],
            [
              139.7712347,
              35.7274111
            ],
            [
              139.7717143,
              35.7269982
            ],
            [
              139.771854,
              35.7268887
            ],
            [
              139.7718229,
              35.7268543
            ],
            [
              139.7716413,
              35.7269868
            ],
            [
              139.7714863,
              35.7270963
            ],
            [
              139.7713089,
              35.7272353
            ],
            [
              139.7711722,
              35.7273645
            ],
            [
              139.7708696,
              35.7276274
            ],
            [
              139.7708301,
              35.7276621
            ],
            [
              139.7703624,
              35.7280727
            ]
          ],
          [
            [
              139.7662941,
              35.7329134
            ],
            [
              139.7662536,
              35.7328951
            ],
            [
              139.7670034,
              35.7317643
            ],
            [
              139.7673383,
              35.7313209
            ],
            [
              139.7674055,
              35.7313551
            ],
            [
              139.7669208,
              35.7320782
            ],
            [
              139.7662941,
              35.7329134
            ]
          ],
          [
            [
              139.7493573,
              35.7375175
            ],
            [
              139.7493714,
              35.7375015
            ],
            [
              139.7491493,
              35.7373788
            ],
            [
              139.7485973,
              35.7371242
            ],
            [
              139.7476189,
              35.7367138
            ],
            [
              139.7469923,
              35.7364565
            ],
            [
              139.7469707,
              35.736498
            ],
            [
              139.7493573,
              35.7375175
            ]
          ],
          [
            [
              139.7410496,
              35.7340275
            ],
            [
              139.7410146,
              35.7340816
            ],
            [
              139.7396992,
              35.7335679
            ],
            [
              139.7391199,
              35.7333072
            ],
            [
              139.739144,
              35.7332664
            ],
            [
              139.7410496,
              35.7340275
            ]
          ],
          [
            [
              139.7267106,
              35.7321797
            ],
            [
              139.7268605,
              35.7321444
            ],
            [
              139.7273277,
              35.7320346
            ],
            [
              139.7278175,
              35.731917
            ],
            [
              139.728839,
              35.7316546
            ],
            [
              139.7293443,
              35.7314885
            ],
            [
              139.7294069,
              35.731468
            ],
            [
              139.729392,
              35.7314453
            ],
            [
              139.7293321,
              35.7314607
            ],
            [
              139.7273127,
              35.7319792
            ],
            [
              139.7268465,
              35.732106
            ],
            [
              139.7266986,
              35.7321462
            ],
            [
              139.7267106,
              35.7321797
            ]
          ],
          [
            [
              139.7103485,
              35.7292751
            ],
            [
              139.7103646,
              35.7292692
            ],
            [
              139.7103433,
              35.7292153
            ],
            [
              139.7103074,
              35.7291228
            ],
            [
              139.7103307,
              35.7291158
            ],
            [
              139.7103538,
              35.7291089
            ],
            [
              139.7104549,
              35.7293372
            ],
            [
              139.7105473,
              35.7295283
            ],
            [
              139.7114016,
              35.7311412
            ],
            [
              139.7113073,
              35.7311732
            ],
            [
              139.7110096,
              35.7306128
            ],
            [
              139.710462,
              35.7295629
            ],
            [
              139.7103485,
              35.7292751
            ]
          ],
          [
            [
              139.7058095,
              35.7192993
            ],
            [
              139.7059855,
              35.7198768
            ],
            [
              139.7061806,
              35.7205049
            ],
            [
              139.7062335,
              35.7206678
            ],
            [
              139.7063563,
              35.7210258
            ],
            [
              139.7065189,
              35.7214047
            ],
            [
              139.7065859,
              35.7213863
            ],
            [
              139.7064015,
              35.7209155
            ],
            [
              139.7063057,
              35.7206522
            ],
            [
              139.7062477,
              35.7204876
            ],
            [
              139.7060359,
              35.7198644
            ],
            [
              139.7058339,
              35.7192898
            ],
            [
              139.7058095,
              35.7192993
            ]
          ],
          [
            [
              139.7002684,
              35.701835
            ],
            [
              139.700325,
              35.7018309
            ],
            [
              139.7002197,
              35.7008047
            ],
            [
              139.7001349,
              35.6997818
            ],
            [
              139.700099,
              35.6997845
            ],
            [
              139.7001713,
              35.7008086
            ],
            [
              139.7002684,
              35.701835
            ]
          ],
          [
            [
              139.7017013,
              35.684926
            ],
            [
              139.7016921,
              35.6849502
            ],
            [
              139.70167,
              35.6849459
            ],
            [
              139.7016791,
              35.6849209
            ],
            [
              139.7017663,
              35.6846206
            ],
            [
              139.7018326,
              35.6843453
            ],
            [
              139.7018443,
              35.6842549
            ],
            [
              139.7018936,
              35.6840345
            ],
            [
              139.7019084,
              35.6840367
            ],
            [
              139.7019225,
              35.6840383
            ],
            [
              139.7019607,
              35.6838716
            ],
            [
              139.7019482,
              35.6838691
            ],
            [
              139.7019365,
              35.6838662
            ],
            [
              139.7019518,
              35.683805
            ],
            [
              139.7020345,
              35.6834737
            ],
            [
              139.7020862,
              35.6833148
            ],
            [
              139.7020666,
              35.6832715
            ],
            [
              139.7021046,
              35.6831917
            ],
            [
              139.7021376,
              35.6831562
            ],
            [
              139.7022042,
              35.683008
            ],
            [
              139.7022232,
              35.6829701
            ],
            [
              139.7022663,
              35.682985
            ],
            [
              139.7022426,
              35.6830452
            ],
            [
              139.7022062,
              35.6831311
            ],
            [
              139.7021391,
              35.683325
            ],
            [
              139.7021076,
              35.6834189
            ],
            [
              139.7018847,
              35.6842997
            ],
            [
              139.7018085,
              35.684566
            ],
            [
              139.7017299,
              35.6848343
            ],
            [
              139.7017013,
              35.684926
            ]
          ],
          [
            [
              139.7028927,
              35.6722593
            ],
            [
              139.7028304,
              35.6721005
            ],
            [
              139.7027763,
              35.6719461
            ],
            [
              139.7027051,
              35.6717243
            ],
            [
              139.7026407,
              35.6714537
            ],
            [
              139.702589,
              35.6712276
            ],
            [
              139.702541,
              35.6709944
            ],
            [
              139.7024497,
              35.670539
            ],
            [
              139.7024297,
              35.67042
            ],
            [
              139.7023911,
              35.670137
            ],
            [
              139.7023855,
              35.6700289
            ],
            [
              139.7024064,
              35.6700276
            ],
            [
              139.70242,
              35.6700267
            ],
            [
              139.7024379,
              35.6701328
            ],
            [
              139.7024884,
              35.6704124
            ],
            [
              139.7025162,
              35.6705409
            ],
            [
              139.7025927,
              35.6708675
            ],
            [
              139.7026423,
              35.6711072
            ],
            [
              139.7027117,
              35.6714418
            ],
            [
              139.7027462,
              35.6715939
            ],
            [
              139.7027845,
              35.6717541
            ],
            [
              139.7028344,
              35.6719289
            ],
            [
              139.7028866,
              35.6721145
            ],
            [
              139.7029306,
              35.6722511
            ],
            [
              139.7029212,
              35.6722531
            ],
            [
              139.7028927,
              35.6722593
            ]
          ],
          [
            [
              139.710576,
              35.6455867
            ],
            [
              139.7106355,
              35.6456096
            ],
            [
              139.7098239,
              35.6470421
            ],
            [
              139.7097841,
              35.6470298
            ],
            [
              139.710576,
              35.6455867
            ]
          ],
          [
            [
              139.7156835,
              35.6340758
            ],
            [
              139.7156227,
              35.6342755
            ],
            [
              139.7154331,
              35.635002
            ],
            [
              139.7154521,
              35.6350059
            ],
            [
              139.7154409,
              35.6350474
            ],
            [
              139.7154549,
              35.6350492
            ],
            [
              139.7154672,
              35.6350083
            ],
            [
              139.715487,
              35.6350123
            ],
            [
              139.7156272,
              35.6346646
            ],
            [
              139.7157278,
              35.6342927
            ],
            [
              139.7157774,
              35.6340824
            ],
            [
              139.715802,
              35.6339846
            ],
            [
              139.7159871,
              35.6332352
            ],
            [
              139.716099,
              35.6327099
            ],
            [
              139.7162016,
              35.6322765
            ],
            [
              139.7161712,
              35.6322704
            ],
            [
              139.7160551,
              35.6327003
            ],
            [
              139.7159865,
              35.63297
            ],
            [
              139.7159208,
              35.6332141
            ],
            [
              139.7157992,
              35.633661
            ],
            [
              139.7157539,
              35.6338214
            ],
            [
              139.7156835,
              35.6340758
            ]
          ],
          [
            [
              139.7224339,
              35.6274202
            ],
            [
              139.7224967,
              35.6274637
            ],
            [
              139.7227515,
              35.627258
            ],
            [
              139.7230531,
              35.6269825
            ],
            [
              139.7233202,
              35.6267219
            ],
            [
              139.7235647,
              35.6264465
            ],
            [
              139.7238036,
              35.6261258
            ],
            [
              139.7240529,
              35.6257688
            ],
            [
              139.72401,
              35.6257484
            ],
            [
              139.7239632,
              35.6257261
            ],
            [
              139.7236918,
              35.626077
            ],
            [
              139.7234593,
              35.6263791
            ],
            [
              139.7232268,
              35.6266622
            ],
            [
              139.7229779,
              35.626927
            ],
            [
              139.7226884,
              35.6272045
            ],
            [
              139.7224339,
              35.6274202
            ]
          ],
          [
            [
              139.7275529,
              35.620765
            ],
            [
              139.727589,
              35.620781
            ],
            [
              139.7280156,
              35.6202759
            ],
            [
              139.7287286,
              35.6193691
            ],
            [
              139.728682,
              35.6193439
            ],
            [
              139.7279367,
              35.6202365
            ],
            [
              139.7275529,
              35.620765
            ]
          ],
          [
            [
              139.7386297,
              35.6271769
            ],
            [
              139.7387454,
              35.6271798
            ],
            [
              139.7385968,
              35.6294522
            ],
            [
              139.7385069,
              35.6294494
            ],
            [
              139.7385964,
              35.6276588
            ],
            [
              139.7386297,
              35.6271769
            ]
          ]
        ]
      },
      "id": "relation/1972920"
    },
    {
      "type": "Feature",
      "properties": {
        "@id": "relation/1972960",
        "colour": "#B1CB39",
        "distance": "34.5",
        "duration": "60",
        "from": "品川",
        "interval": "4",
        "interval:conditional": "7 @ Mo-Fr 04:30-05:59; 10 @ Sa-Su 04:30-05:59; 5 @ Mo-Fr 06:00-08:09; 3 @ Mo-Fr 08:10-09:50, 16:50-17:50; 8 @ Sa-Su 06:00-08:09; 4 @ Sa-Su 08:10-09:50; 5 @ Mo-Su 21:00-23:00; 8 @ Mo-Su 23:00-00:59",
        "name": "JR山手線",
        "name:de": "JR Yamanote Linie (entgegen dem Uhrzeigersinn)",
        "name:en": "JR Yamanote Line (Inner)",
        "name:es": "Línea JR Yamanote (Interior)",
        "name:it": "Linea Yamanote (interna)",
        "name:ja": "JR山手線 (内回り)",
        "name:ko": "야마노테선",
        "name:ru": "Линия JR Яманотэ",
        "name:zh": "JR山手线 (内圈)",
        "network": "東京近郊区間;山手線",
        "network:en": "Tokyo Suburban Area",
        "network:metro": "山手線",
        "note:interval": "See also traffic information: https://gigazine.net/gsc_news/en/20171206-traffic-information-map",
        "opening_hours": "Mo-Su 04:26-01:18",
        "operator": "東日本旅客鉄道",
        "operator:en": "East Japan Railway Company",
        "operator:ko": "동일본 여객철도 주식회사",
        "public_transport:version": "2",
        "ref": "JY",
        "roundtrip": "yes",
        "route": "train",
        "to": "品川",
        "type": "route",
        "wikidata": "Q693036",
        "wikipedia": "ja:山手線"
      },
      "geometry": {
        "type": "MultiLineString",
        "coordinates": [
          [
            [
              139.7383933,
              35.6277991
            ],
            [
              139.7383525,
              35.6286505
            ],
            [
              139.7383447,
              35.6292775
            ],
            [
              139.7383487,
              35.6294468
            ],
            [
              139.7383602,
              35.6296089
            ],
            [
              139.7383771,
              35.629786
            ],
            [
              139.7384111,
              35.6299681
            ],
            [
              139.7384318,
              35.6300778
            ],
            [
              139.738476,
              35.6302611
            ],
            [
              139.7385279,
              35.6304285
            ],
            [
              139.7385923,
              35.6306058
            ],
            [
              139.7386379,
              35.6307264
            ],
            [
              139.7386879,
              35.6308439
            ],
            [
              139.7387364,
              35.630958
            ],
            [
              139.7387903,
              35.6310754
            ],
            [
              139.7388359,
              35.6311735
            ],
            [
              139.7392356,
              35.6320465
            ],
            [
              139.7394754,
              35.632571
            ],
            [
              139.7396471,
              35.6330016
            ],
            [
              139.7397643,
              35.6333728
            ],
            [
              139.7398746,
              35.633747
            ],
            [
              139.7399786,
              35.6340884
            ],
            [
              139.7400958,
              35.6344266
            ],
            [
              139.7405284,
              35.6354416
            ],
            [
              139.7409446,
              35.6364182
            ],
            [
              139.7411803,
              35.636868
            ],
            [
              139.741416,
              35.6373222
            ],
            [
              139.7415186,
              35.6375404
            ],
            [
              139.7416183,
              35.6377775
            ],
            [
              139.7420074,
              35.6388091
            ],
            [
              139.7420604,
              35.6389385
            ],
            [
              139.7422433,
              35.6393527
            ],
            [
              139.7426364,
              35.6402694
            ],
            [
              139.742737,
              35.6405975
            ],
            [
              139.7428255,
              35.6409746
            ],
            [
              139.7429958,
              35.6416699
            ],
            [
              139.7430967,
              35.6419996
            ],
            [
              139.7431883,
              35.6422541
            ],
            [
              139.7433647,
              35.6426279
            ],
            [
              139.7434617,
              35.642801
            ],
            [
              139.7435667,
              35.6429675
            ],
            [
              139.7436577,
              35.6431039
            ],
            [
              139.7438144,
              35.6433151
            ],
            [
              139.7441119,
              35.6436556
            ],
            [
              139.7445201,
              35.6440282
            ],
            [
              139.7450077,
              35.6443612
            ],
            [
              139.7454023,
              35.6445876
            ],
            [
              139.745516,
              35.6446499
            ],
            [
              139.7459465,
              35.6448857
            ],
            [
              139.7462118,
              35.645043
            ],
            [
              139.7464471,
              35.6451617
            ],
            [
              139.7467931,
              35.6453314
            ],
            [
              139.7473703,
              35.6456072
            ],
            [
              139.7476752,
              35.6457557
            ],
            [
              139.7483321,
              35.6460642
            ],
            [
              139.7487273,
              35.6462603
            ],
            [
              139.7490811,
              35.6464442
            ],
            [
              139.7497403,
              35.646765
            ],
            [
              139.7498588,
              35.6468216
            ],
            [
              139.7499478,
              35.6468641
            ],
            [
              139.7522991,
              35.6479867
            ],
            [
              139.7526166,
              35.6481455
            ],
            [
              139.7528502,
              35.648263
            ],
            [
              139.7530157,
              35.6483562
            ],
            [
              139.7532239,
              35.6484818
            ],
            [
              139.7534375,
              35.6486239
            ],
            [
              139.7536324,
              35.6487598
            ],
            [
              139.753993,
              35.6490418
            ],
            [
              139.7545747,
              35.6495433
            ],
            [
              139.7548684,
              35.6498627
            ],
            [
              139.7550874,
              35.6501261
            ],
            [
              139.7552966,
              35.6504288
            ],
            [
              139.755492,
              35.6507346
            ],
            [
              139.7557382,
              35.6511512
            ],
            [
              139.7559486,
              35.6515695
            ],
            [
              139.7561227,
              35.6519494
            ],
            [
              139.7562788,
              35.6523471
            ],
            [
              139.756386,
              35.6526839
            ],
            [
              139.756422,
              35.652815
            ],
            [
              139.7565016,
              35.6530869
            ],
            [
              139.7566986,
              35.6538727
            ],
            [
              139.7570361,
              35.6551147
            ],
            [
              139.7572479,
              35.6558684
            ],
            [
              139.7573756,
              35.6563665
            ],
            [
              139.7574608,
              35.656688
            ],
            [
              139.7575813,
              35.6571463
            ],
            [
              139.7578156,
              35.6581177
            ],
            [
              139.7582026,
              35.6597044
            ],
            [
              139.7582212,
              35.6597742
            ],
            [
              139.7583624,
              35.6603558
            ],
            [
              139.7584663,
              35.6609193
            ],
            [
              139.7585198,
              35.6613032
            ],
            [
              139.7585457,
              35.6616243
            ],
            [
              139.7585634,
              35.6618436
            ],
            [
              139.7585715,
              35.6619445
            ],
            [
              139.7585738,
              35.6626314
            ],
            [
              139.7585528,
              35.6630848
            ],
            [
              139.7585365,
              35.6632829
            ],
            [
              139.7585179,
              35.6634674
            ],
            [
              139.7585143,
              35.6635024
            ],
            [
              139.7584398,
              35.6640068
            ],
            [
              139.7584033,
              35.6642538
            ],
            [
              139.7583804,
              35.6643951
            ],
            [
              139.7583351,
              35.6646752
            ],
            [
              139.7582826,
              35.665077
            ],
            [
              139.7582453,
              35.6653623
            ],
            [
              139.7582174,
              35.6655116
            ],
            [
              139.7581866,
              35.6656906
            ],
            [
              139.7580882,
              35.6661567
            ],
            [
              139.7580397,
              35.6665545
            ],
            [
              139.7579883,
              35.6669425
            ],
            [
              139.7579688,
              35.6672345
            ],
            [
              139.7579675,
              35.6674015
            ],
            [
              139.7579894,
              35.6677985
            ],
            [
              139.7580101,
              35.6679583
            ],
            [
              139.7580363,
              35.6681122
            ],
            [
              139.75808,
              35.6683267
            ],
            [
              139.7581239,
              35.6684791
            ],
            [
              139.7581652,
              35.6686084
            ],
            [
              139.7582353,
              35.6687882
            ],
            [
              139.7583112,
              35.6689552
            ],
            [
              139.7583961,
              35.669124
            ],
            [
              139.7584895,
              35.6692874
            ],
            [
              139.7586043,
              35.6694858
            ],
            [
              139.7586994,
              35.6696517
            ],
            [
              139.7589321,
              35.6700713
            ],
            [
              139.7594349,
              35.6709581
            ],
            [
              139.7599161,
              35.6718205
            ],
            [
              139.7600731,
              35.672086
            ],
            [
              139.7601722,
              35.672256
            ],
            [
              139.7602505,
              35.6723915
            ],
            [
              139.7604003,
              35.6726119
            ],
            [
              139.7605125,
              35.672764
            ],
            [
              139.7606935,
              35.6729983
            ],
            [
              139.7607947,
              35.673115
            ],
            [
              139.760894,
              35.6732254
            ],
            [
              139.7611089,
              35.6734422
            ],
            [
              139.7612167,
              35.673539
            ],
            [
              139.7612872,
              35.6736064
            ],
            [
              139.7613708,
              35.67368
            ],
            [
              139.7615189,
              35.6738019
            ],
            [
              139.7618497,
              35.6740557
            ],
            [
              139.7620612,
              35.6742184
            ],
            [
              139.7622919,
              35.6743989
            ],
            [
              139.7624724,
              35.6745278
            ],
            [
              139.7630295,
              35.6749714
            ],
            [
              139.7637076,
              35.6754867
            ],
            [
              139.7639611,
              35.6756854
            ],
            [
              139.7642815,
              35.6759445
            ],
            [
              139.7644419,
              35.6760966
            ],
            [
              139.7645782,
              35.6762356
            ],
            [
              139.7647441,
              35.6764298
            ],
            [
              139.7648823,
              35.6766114
            ],
            [
              139.7649357,
              35.6767056
            ],
            [
              139.7650229,
              35.6768507
            ],
            [
              139.765092,
              35.6769701
            ],
            [
              139.7651511,
              35.6770965
            ],
            [
              139.7652839,
              35.6774128
            ],
            [
              139.7654113,
              35.6777363
            ],
            [
              139.7656995,
              35.6785019
            ],
            [
              139.7658355,
              35.6788525
            ],
            [
              139.7659337,
              35.6791739
            ],
            [
              139.7660084,
              35.6794984
            ],
            [
              139.7661324,
              35.6800576
            ],
            [
              139.7662506,
              35.6804371
            ],
            [
              139.7663834,
              35.6807803
            ],
            [
              139.7665625,
              35.6812564
            ],
            [
              139.7667056,
              35.6816368
            ],
            [
              139.7668288,
              35.6819877
            ],
            [
              139.7670187,
              35.682403
            ],
            [
              139.7673143,
              35.6829971
            ],
            [
              139.7673354,
              35.6830376
            ],
            [
              139.7674415,
              35.6832595
            ],
            [
              139.7675089,
              35.6834006
            ],
            [
              139.7676202,
              35.6836301
            ],
            [
              139.767799,
              35.6840666
            ],
            [
              139.7679459,
              35.6844572
            ],
            [
              139.7679841,
              35.6845555
            ],
            [
              139.7681508,
              35.6849707
            ],
            [
              139.7683045,
              35.6853019
            ],
            [
              139.7684758,
              35.685655
            ],
            [
              139.7689944,
              35.687002
            ],
            [
              139.7693969,
              35.6879961
            ],
            [
              139.7695184,
              35.6882902
            ],
            [
              139.7695851,
              35.688442
            ],
            [
              139.7697275,
              35.688789
            ],
            [
              139.769789,
              35.6889386
            ],
            [
              139.7698706,
              35.6891373
            ],
            [
              139.7699399,
              35.6893061
            ],
            [
              139.7699901,
              35.6894266
            ],
            [
              139.7700524,
              35.689577
            ],
            [
              139.7701591,
              35.6898394
            ],
            [
              139.7703956,
              35.6904026
            ],
            [
              139.7704498,
              35.6905353
            ],
            [
              139.7705887,
              35.6908726
            ],
            [
              139.7706943,
              35.6911184
            ],
            [
              139.7709649,
              35.6917807
            ],
            [
              139.7711259,
              35.6921363
            ],
            [
              139.7715203,
              35.6930986
            ],
            [
              139.7717779,
              35.6937006
            ],
            [
              139.7718785,
              35.6939646
            ],
            [
              139.7719802,
              35.6941763
            ],
            [
              139.7721297,
              35.6945299
            ],
            [
              139.7722265,
              35.6947497
            ],
            [
              139.7725052,
              35.6954782
            ],
            [
              139.7726407,
              35.6958911
            ],
            [
              139.7727312,
              35.6962842
            ],
            [
              139.7728072,
              35.6967267
            ],
            [
              139.7728755,
              35.6972726
            ],
            [
              139.7728984,
              35.6974615
            ],
            [
              139.7729224,
              35.6976605
            ],
            [
              139.7729503,
              35.6979178
            ],
            [
              139.7730066,
              35.6983688
            ],
            [
              139.7731466,
              35.699405
            ],
            [
              139.7731742,
              35.699606
            ],
            [
              139.7732168,
              35.6999467
            ],
            [
              139.7733951,
              35.7012859
            ],
            [
              139.7734314,
              35.7014808
            ],
            [
              139.7734466,
              35.7015621
            ],
            [
              139.7735229,
              35.701863
            ],
            [
              139.7735433,
              35.7019305
            ],
            [
              139.7735891,
              35.7020825
            ],
            [
              139.773716,
              35.7024738
            ],
            [
              139.7737753,
              35.7026538
            ],
            [
              139.7738674,
              35.7029338
            ],
            [
              139.7739872,
              35.7033145
            ],
            [
              139.7740562,
              35.7036132
            ],
            [
              139.7740985,
              35.7038603
            ],
            [
              139.7741627,
              35.7042462
            ],
            [
              139.7741846,
              35.7043862
            ],
            [
              139.7742514,
              35.7048212
            ],
            [
              139.774285,
              35.7050152
            ],
            [
              139.7743274,
              35.7052625
            ],
            [
              139.7744102,
              35.705759
            ],
            [
              139.7744296,
              35.7058804
            ],
            [
              139.7744578,
              35.7060566
            ],
            [
              139.7744892,
              35.7062525
            ],
            [
              139.7745628,
              35.706696
            ],
            [
              139.7746097,
              35.7069554
            ],
            [
              139.7746704,
              35.707291
            ],
            [
              139.7748111,
              35.708144
            ],
            [
              139.774864,
              35.708439
            ],
            [
              139.7748818,
              35.7086858
            ],
            [
              139.7748818,
              35.7089856
            ],
            [
              139.7748664,
              35.7092166
            ],
            [
              139.7748179,
              35.7095101
            ],
            [
              139.7747585,
              35.7098017
            ],
            [
              139.7746957,
              35.7100947
            ],
            [
              139.7746552,
              35.7104053
            ],
            [
              139.7746418,
              35.7107015
            ],
            [
              139.7746715,
              35.7110961
            ],
            [
              139.7747518,
              35.7114298
            ],
            [
              139.774852,
              35.7116864
            ],
            [
              139.7749488,
              35.7118693
            ],
            [
              139.7749811,
              35.711934
            ],
            [
              139.7750738,
              35.7120877
            ],
            [
              139.7751341,
              35.7121687
            ],
            [
              139.7756072,
              35.7128749
            ],
            [
              139.7757834,
              35.7131379
            ],
            [
              139.7759781,
              35.713431
            ],
            [
              139.7760278,
              35.713509
            ],
            [
              139.7760843,
              35.7136003
            ],
            [
              139.7763336,
              35.7139565
            ],
            [
              139.7765951,
              35.7142985
            ],
            [
              139.7766951,
              35.7144171
            ],
            [
              139.7767662,
              35.7145175
            ],
            [
              139.7769856,
              35.7147941
            ],
            [
              139.7771996,
              35.7150516
            ],
            [
              139.7774416,
              35.7153438
            ],
            [
              139.7775914,
              35.7155338
            ],
            [
              139.7780697,
              35.7160778
            ],
            [
              139.7786105,
              35.7166731
            ],
            [
              139.7788655,
              35.7169671
            ],
            [
              139.7790403,
              35.717158
            ],
            [
              139.7792253,
              35.7173827
            ],
            [
              139.7793708,
              35.7175977
            ],
            [
              139.779482,
              35.7178141
            ],
            [
              139.7795652,
              35.7180063
            ],
            [
              139.7796346,
              35.718214
            ],
            [
              139.7796803,
              35.7184137
            ],
            [
              139.7797065,
              35.7186444
            ],
            [
              139.7797219,
              35.718862
            ],
            [
              139.7797172,
              35.7189987
            ],
            [
              139.7797146,
              35.7191072
            ],
            [
              139.7796928,
              35.7192623
            ],
            [
              139.7796339,
              35.7195266
            ],
            [
              139.7795723,
              35.7197149
            ],
            [
              139.7794788,
              35.7199355
            ],
            [
              139.7793096,
              35.7202217
            ],
            [
              139.7791891,
              35.7203725
            ],
            [
              139.7789994,
              35.7205796
            ],
            [
              139.7787056,
              35.7208666
            ],
            [
              139.7779035,
              35.7216953
            ],
            [
              139.7777818,
              35.7218002
            ],
            [
              139.7776178,
              35.7219469
            ],
            [
              139.7769731,
              35.7224869
            ],
            [
              139.7767283,
              35.7226992
            ],
            [
              139.7763694,
              35.723028
            ],
            [
              139.7760683,
              35.723312
            ],
            [
              139.7756825,
              35.7236762
            ],
            [
              139.7753454,
              35.723978
            ],
            [
              139.7750775,
              35.7242329
            ],
            [
              139.7746802,
              35.7246012
            ],
            [
              139.7741297,
              35.7251164
            ],
            [
              139.7738523,
              35.7253722
            ],
            [
              139.7735729,
              35.7256116
            ],
            [
              139.7732729,
              35.7258363
            ],
            [
              139.7729846,
              35.7260392
            ],
            [
              139.7728064,
              35.7261495
            ],
            [
              139.7725998,
              35.7262715
            ],
            [
              139.7719771,
              35.7266815
            ],
            [
              139.7717559,
              35.7268287
            ],
            [
              139.7716078,
              35.7269324
            ],
            [
              139.7714406,
              35.7270633
            ],
            [
              139.7711282,
              35.7273317
            ],
            [
              139.7706447,
              35.7277613
            ],
            [
              139.7704038,
              35.7279696
            ],
            [
              139.7702192,
              35.7281257
            ],
            [
              139.7701527,
              35.7281821
            ],
            [
              139.7701253,
              35.7282052
            ],
            [
              139.7700389,
              35.7282783
            ],
            [
              139.7700142,
              35.7282992
            ],
            [
              139.769891,
              35.7284095
            ],
            [
              139.7697704,
              35.7285136
            ],
            [
              139.7696258,
              35.728652
            ],
            [
              139.7695103,
              35.7287611
            ],
            [
              139.7692514,
              35.729016
            ],
            [
              139.7689681,
              35.729326
            ],
            [
              139.7687374,
              35.7295924
            ],
            [
              139.767999,
              35.7304423
            ],
            [
              139.7673447,
              35.7312189
            ],
            [
              139.7667333,
              35.7320549
            ],
            [
              139.7666408,
              35.7321892
            ],
            [
              139.7661785,
              35.7328627
            ],
            [
              139.7659889,
              35.733139
            ],
            [
              139.7658312,
              35.7333538
            ],
            [
              139.7655512,
              35.7337003
            ],
            [
              139.7653255,
              35.7339615
            ],
            [
              139.7650775,
              35.7342232
            ],
            [
              139.7648904,
              35.7344125
            ],
            [
              139.7647058,
              35.7345925
            ],
            [
              139.7644636,
              35.734838
            ],
            [
              139.7642124,
              35.7350888
            ],
            [
              139.7639317,
              35.735352
            ],
            [
              139.7633397,
              35.7358843
            ],
            [
              139.7631274,
              35.7360692
            ],
            [
              139.7628519,
              35.7363148
            ],
            [
              139.762779,
              35.7363815
            ],
            [
              139.7627125,
              35.7364442
            ],
            [
              139.7624034,
              35.7367541
            ],
            [
              139.762105,
              35.7370104
            ],
            [
              139.7618613,
              35.7372159
            ],
            [
              139.7616902,
              35.7373601
            ],
            [
              139.7607095,
              35.7381851
            ],
            [
              139.7602148,
              35.7386151
            ],
            [
              139.7600426,
              35.7387559
            ],
            [
              139.7598796,
              35.7388962
            ],
            [
              139.7592677,
              35.7394034
            ],
            [
              139.7590437,
              35.7395672
            ],
            [
              139.758812,
              35.7397179
            ],
            [
              139.7585666,
              35.739856
            ],
            [
              139.7583575,
              35.7399617
            ],
            [
              139.7581459,
              35.7400587
            ],
            [
              139.7580283,
              35.7401093
            ],
            [
              139.7578597,
              35.7401678
            ],
            [
              139.7576717,
              35.7402348
            ],
            [
              139.7573995,
              35.7403221
            ],
            [
              139.7571051,
              35.7403938
            ],
            [
              139.7568406,
              35.7404397
            ],
            [
              139.7565496,
              35.7404774
            ],
            [
              139.7563064,
              35.7404808
            ],
            [
              139.756053,
              35.7404765
            ],
            [
              139.755809,
              35.7404614
            ],
            [
              139.7556271,
              35.7404435
            ],
            [
              139.7552978,
              35.7403747
            ],
            [
              139.7550917,
              35.7403099
            ],
            [
              139.7549313,
              35.7402611
            ],
            [
              139.7547766,
              35.7402034
            ],
            [
              139.7546144,
              35.7401324
            ],
            [
              139.7544111,
              35.7400321
            ],
            [
              139.7541197,
              35.7398808
            ],
            [
              139.753694,
              35.7396611
            ],
            [
              139.7533553,
              35.7394868
            ],
            [
              139.752932,
              35.7392652
            ],
            [
              139.7526302,
              35.7391076
            ],
            [
              139.7524669,
              35.7390242
            ],
            [
              139.7516322,
              35.7385944
            ],
            [
              139.7507664,
              35.7381588
            ],
            [
              139.7502429,
              35.7379033
            ],
            [
              139.7501714,
              35.7378655
            ],
            [
              139.7499595,
              35.7377615
            ],
            [
              139.7495474,
              35.7375589
            ],
            [
              139.7487845,
              35.7371918
            ],
            [
              139.7483874,
              35.7370137
            ],
            [
              139.7477459,
              35.7367446
            ],
            [
              139.7472559,
              35.7365575
            ],
            [
              139.7463757,
              35.7361948
            ],
            [
              139.7456615,
              35.7359034
            ],
            [
              139.7448995,
              35.7355907
            ],
            [
              139.7444512,
              35.7354078
            ],
            [
              139.7439956,
              35.7352219
            ],
            [
              139.7435532,
              35.7350448
            ],
            [
              139.7419362,
              35.7343817
            ],
            [
              139.7404041,
              35.7337488
            ],
            [
              139.7399824,
              35.7335642
            ],
            [
              139.7394571,
              35.7333581
            ],
            [
              139.7388487,
              35.7331194
            ],
            [
              139.7381699,
              35.7328128
            ],
            [
              139.7378675,
              35.7326865
            ],
            [
              139.7374187,
              35.7324909
            ],
            [
              139.7369265,
              35.7322796
            ],
            [
              139.736531,
              35.7321132
            ],
            [
              139.7361396,
              35.7319516
            ],
            [
              139.7355517,
              35.7317126
            ],
            [
              139.735275,
              35.7315953
            ],
            [
              139.7349259,
              35.7314451
            ],
            [
              139.7345821,
              35.7313096
            ],
            [
              139.734314,
              35.7312147
            ],
            [
              139.7340322,
              35.7311288
            ],
            [
              139.7337464,
              35.7310578
            ],
            [
              139.7335002,
              35.7310041
            ],
            [
              139.73319,
              35.7309562
            ],
            [
              139.7329184,
              35.7309273
            ],
            [
              139.7326214,
              35.7309059
            ],
            [
              139.7323325,
              35.730896
            ],
            [
              139.7320202,
              35.7308984
            ],
            [
              139.7317283,
              35.7309166
            ],
            [
              139.7314354,
              35.7309496
            ],
            [
              139.7311526,
              35.7310008
            ],
            [
              139.7307813,
              35.7310851
            ],
            [
              139.7303174,
              35.7312032
            ],
            [
              139.7300577,
              35.7312684
            ],
            [
              139.7295639,
              35.731381
            ],
            [
              139.7285847,
              35.7316349
            ],
            [
              139.7283291,
              35.7317012
            ],
            [
              139.7269164,
              35.7320676
            ],
            [
              139.7265535,
              35.7321692
            ],
            [
              139.7255515,
              35.7324386
            ],
            [
              139.724672,
              35.7326652
            ],
            [
              139.7241496,
              35.7328059
            ],
            [
              139.7232629,
              35.7330425
            ],
            [
              139.7227775,
              35.7331742
            ],
            [
              139.72225,
              35.7333175
            ],
            [
              139.721741,
              35.7334532
            ],
            [
              139.721272,
              35.7335782
            ],
            [
              139.7203227,
              35.7338323
            ],
            [
              139.7197952,
              35.7339697
            ],
            [
              139.7192656,
              35.7341114
            ],
            [
              139.7188494,
              35.7342179
            ],
            [
              139.7185302,
              35.7342995
            ],
            [
              139.7182147,
              35.7343803
            ],
            [
              139.717517,
              35.734533
            ],
            [
              139.7173007,
              35.7345624
            ],
            [
              139.7170917,
              35.734586
            ],
            [
              139.7168581,
              35.734599
            ],
            [
              139.7166491,
              35.7346025
            ],
            [
              139.7163719,
              35.7346013
            ],
            [
              139.7160816,
              35.7345789
            ],
            [
              139.7158078,
              35.7345534
            ],
            [
              139.7155553,
              35.7345118
            ],
            [
              139.7152729,
              35.7344582
            ],
            [
              139.7150123,
              35.7343932
            ],
            [
              139.7147044,
              35.7343066
            ],
            [
              139.7144458,
              35.73422
            ],
            [
              139.7142303,
              35.7341433
            ],
            [
              139.714024,
              35.7340617
            ],
            [
              139.7138059,
              35.7339436
            ],
            [
              139.7135356,
              35.7337837
            ],
            [
              139.7132125,
              35.7335673
            ],
            [
              139.7130537,
              35.7334384
            ],
            [
              139.7129031,
              35.733305
            ],
            [
              139.7127701,
              35.7331729
            ],
            [
              139.7125961,
              35.7329727
            ],
            [
              139.7124301,
              35.7327608
            ],
            [
              139.7122327,
              35.7324835
            ],
            [
              139.7120886,
              35.7322691
            ],
            [
              139.7119736,
              35.7320828
            ],
            [
              139.7119048,
              35.7319632
            ],
            [
              139.711797,
              35.7317597
            ],
            [
              139.711629,
              35.7314434
            ],
            [
              139.7109865,
              35.7302436
            ],
            [
              139.7106038,
              35.7294962
            ],
            [
              139.7105651,
              35.7294114
            ],
            [
              139.7103829,
              35.728974
            ],
            [
              139.7103155,
              35.7288011
            ],
            [
              139.7101335,
              35.7283168
            ],
            [
              139.7100409,
              35.7280834
            ],
            [
              139.7098887,
              35.7277121
            ],
            [
              139.7097395,
              35.7274059
            ],
            [
              139.7095863,
              35.7271103
            ],
            [
              139.7093975,
              35.7267354
            ],
            [
              139.7092075,
              35.7263604
            ],
            [
              139.7090309,
              35.7260163
            ],
            [
              139.7088612,
              35.7256851
            ],
            [
              139.7086438,
              35.725316
            ],
            [
              139.708512,
              35.7250923
            ],
            [
              139.7082515,
              35.7246461
            ],
            [
              139.7079144,
              35.724002
            ],
            [
              139.7071379,
              35.7225057
            ],
            [
              139.7068031,
              35.7218525
            ],
            [
              139.7067643,
              35.7217567
            ],
            [
              139.7065973,
              35.7213847
            ],
            [
              139.7065164,
              35.7211785
            ],
            [
              139.7064461,
              35.7209861
            ],
            [
              139.7064279,
              35.72093
            ],
            [
              139.7062634,
              35.7204849
            ],
            [
              139.7058459,
              35.7192678
            ],
            [
              139.7055973,
              35.7185484
            ],
            [
              139.7052773,
              35.7175089
            ],
            [
              139.7052317,
              35.717361
            ],
            [
              139.7048877,
              35.7161983
            ],
            [
              139.704816,
              35.7159563
            ],
            [
              139.7046642,
              35.7155025
            ],
            [
              139.7046053,
              35.7153402
            ],
            [
              139.7044091,
              35.714767
            ],
            [
              139.7043652,
              35.7146404
            ],
            [
              139.7042337,
              35.7142647
            ],
            [
              139.7040982,
              35.7138768
            ],
            [
              139.7040664,
              35.7137877
            ],
            [
              139.704026,
              35.7136692
            ],
            [
              139.7036846,
              35.7126771
            ],
            [
              139.7034631,
              35.7120354
            ],
            [
              139.703251,
              35.7114434
            ],
            [
              139.7029851,
              35.7106879
            ],
            [
              139.7028478,
              35.7102936
            ],
            [
              139.7025916,
              35.7095795
            ],
            [
              139.7024866,
              35.7092691
            ],
            [
              139.7021101,
              35.7082326
            ],
            [
              139.701152,
              35.7054905
            ],
            [
              139.7010277,
              35.7051378
            ],
            [
              139.7008941,
              35.704763
            ],
            [
              139.7007026,
              35.7041916
            ],
            [
              139.7006793,
              35.704107
            ],
            [
              139.700648,
              35.7039864
            ],
            [
              139.7005592,
              35.7036303
            ],
            [
              139.7004895,
              35.7032244
            ],
            [
              139.7004431,
              35.7028128
            ],
            [
              139.7004021,
              35.7024057
            ],
            [
              139.7003652,
              35.7020275
            ],
            [
              139.7003174,
              35.701528
            ],
            [
              139.700303,
              35.7013747
            ],
            [
              139.7002955,
              35.701298
            ],
            [
              139.7002856,
              35.7011963
            ],
            [
              139.7001419,
              35.699719
            ],
            [
              139.7001343,
              35.6996478
            ],
            [
              139.7000953,
              35.6992473
            ],
            [
              139.7000259,
              35.6985778
            ],
            [
              139.6999647,
              35.698212
            ],
            [
              139.6999106,
              35.6979199
            ],
            [
              139.6997499,
              35.6973638
            ],
            [
              139.6997173,
              35.6972569
            ],
            [
              139.6996355,
              35.6970009
            ],
            [
              139.6995716,
              35.6968106
            ],
            [
              139.6994993,
              35.6965758
            ],
            [
              139.699437,
              35.696338
            ],
            [
              139.6994043,
              35.6961952
            ],
            [
              139.699365,
              35.6959028
            ],
            [
              139.699355,
              35.6956562
            ],
            [
              139.6993642,
              35.6953839
            ],
            [
              139.6993881,
              35.6951835
            ],
            [
              139.699429,
              35.6949438
            ],
            [
              139.6994852,
              35.6946971
            ],
            [
              139.6995931,
              35.6942708
            ],
            [
              139.6997011,
              35.6938759
            ],
            [
              139.6998256,
              35.6933584
            ],
            [
              139.6999347,
              35.6929291
            ],
            [
              139.6999754,
              35.6927507
            ],
            [
              139.6999931,
              35.6926602
            ],
            [
              139.7000061,
              35.692571
            ],
            [
              139.7000151,
              35.6925059
            ],
            [
              139.7000227,
              35.6924366
            ],
            [
              139.7000253,
              35.6924048
            ],
            [
              139.7000274,
              35.6923697
            ],
            [
              139.7000312,
              35.692302
            ],
            [
              139.7000354,
              35.6921922
            ],
            [
              139.700035,
              35.6920823
            ],
            [
              139.7000322,
              35.6919492
            ],
            [
              139.7000297,
              35.6917739
            ],
            [
              139.7000261,
              35.6915823
            ],
            [
              139.7000225,
              35.6913878
            ],
            [
              139.7000201,
              35.6912493
            ],
            [
              139.7000196,
              35.6911113
            ],
            [
              139.7000223,
              35.6909726
            ],
            [
              139.7000239,
              35.690901
            ],
            [
              139.7000276,
              35.690837
            ],
            [
              139.700034,
              35.6907195
            ],
            [
              139.7000511,
              35.6904718
            ],
            [
              139.7000708,
              35.6902795
            ],
            [
              139.7000939,
              35.6900891
            ],
            [
              139.7001128,
              35.6899509
            ],
            [
              139.7001341,
              35.6898127
            ],
            [
              139.7001655,
              35.6896379
            ],
            [
              139.7002041,
              35.6894647
            ],
            [
              139.7003309,
              35.688969
            ],
            [
              139.7003719,
              35.688807
            ],
            [
              139.7004551,
              35.6884775
            ],
            [
              139.7004984,
              35.6883096
            ],
            [
              139.7005429,
              35.6881512
            ],
            [
              139.7005775,
              35.6880416
            ],
            [
              139.7006075,
              35.6879558
            ],
            [
              139.7006519,
              35.6878421
            ],
            [
              139.7007611,
              35.6875884
            ],
            [
              139.7008165,
              35.6874615
            ],
            [
              139.7008724,
              35.6873348
            ],
            [
              139.7009231,
              35.6872065
            ],
            [
              139.7009672,
              35.6870782
            ],
            [
              139.7009854,
              35.6870221
            ],
            [
              139.7010009,
              35.6869681
            ],
            [
              139.7010386,
              35.6868372
            ],
            [
              139.701108,
              35.6865953
            ],
            [
              139.7011482,
              35.6864585
            ],
            [
              139.7011919,
              35.6863236
            ],
            [
              139.7012169,
              35.6862537
            ],
            [
              139.7012432,
              35.6861857
            ],
            [
              139.701298,
              35.6860496
            ],
            [
              139.7013615,
              35.6858997
            ],
            [
              139.7014274,
              35.6857517
            ],
            [
              139.7015126,
              35.6855622
            ],
            [
              139.7015943,
              35.6853765
            ],
            [
              139.7016689,
              35.6852006
            ],
            [
              139.7017186,
              35.6850675
            ],
            [
              139.7017509,
              35.6849783
            ],
            [
              139.7017823,
              35.6848877
            ],
            [
              139.7018303,
              35.684733
            ],
            [
              139.701866,
              35.6846102
            ],
            [
              139.7018981,
              35.6844896
            ],
            [
              139.7020353,
              35.6839438
            ],
            [
              139.7021418,
              35.683518
            ],
            [
              139.7021719,
              35.6834121
            ],
            [
              139.702194,
              35.6833423
            ],
            [
              139.7022241,
              35.6832578
            ],
            [
              139.7022646,
              35.6831556
            ],
            [
              139.7022999,
              35.6830754
            ],
            [
              139.7023353,
              35.682999
            ],
            [
              139.7023696,
              35.6829262
            ],
            [
              139.7023896,
              35.6828841
            ],
            [
              139.7024763,
              35.6827005
            ],
            [
              139.702566,
              35.6825169
            ],
            [
              139.7026005,
              35.6824464
            ],
            [
              139.7027036,
              35.6822354
            ],
            [
              139.7027299,
              35.6821788
            ],
            [
              139.7027539,
              35.6821237
            ],
            [
              139.70278,
              35.6820645
            ],
            [
              139.7028052,
              35.6820052
            ],
            [
              139.7028514,
              35.6818887
            ],
            [
              139.7028842,
              35.6817973
            ],
            [
              139.7029135,
              35.6817045
            ],
            [
              139.7029405,
              35.6816179
            ],
            [
              139.702965,
              35.6815312
            ],
            [
              139.7030561,
              35.6812005
            ],
            [
              139.7031391,
              35.680895
            ],
            [
              139.703316,
              35.6802499
            ],
            [
              139.7033568,
              35.6800995
            ],
            [
              139.7034921,
              35.6796056
            ],
            [
              139.7036006,
              35.6792063
            ],
            [
              139.7037084,
              35.6788128
            ],
            [
              139.7037868,
              35.6784521
            ],
            [
              139.7038546,
              35.678062
            ],
            [
              139.7039079,
              35.6776568
            ],
            [
              139.7039418,
              35.6772506
            ],
            [
              139.7039716,
              35.6768122
            ],
            [
              139.703995,
              35.6763774
            ],
            [
              139.7040107,
              35.6760819
            ],
            [
              139.7040139,
              35.6757944
            ],
            [
              139.7039968,
              35.6755408
            ],
            [
              139.7039623,
              35.6752784
            ],
            [
              139.7039114,
              35.6750429
            ],
            [
              139.7038372,
              35.6748016
            ],
            [
              139.7037325,
              35.6744756
            ],
            [
              139.7036427,
              35.6742007
            ],
            [
              139.7035571,
              35.6739214
            ],
            [
              139.7029055,
              35.672102
            ],
            [
              139.7028089,
              35.6717568
            ],
            [
              139.7027348,
              35.6714289
            ],
            [
              139.7026022,
              35.6708146
            ],
            [
              139.7025819,
              35.6707278
            ],
            [
              139.7025646,
              35.6706538
            ],
            [
              139.7025307,
              35.6705091
            ],
            [
              139.7024696,
              35.6702171
            ],
            [
              139.7024377,
              35.6700246
            ],
            [
              139.7024236,
              35.66993
            ],
            [
              139.7023715,
              35.6695198
            ],
            [
              139.7022257,
              35.6683838
            ],
            [
              139.7021807,
              35.6680516
            ],
            [
              139.7021297,
              35.6677118
            ],
            [
              139.702074,
              35.6673084
            ],
            [
              139.7020195,
              35.6669021
            ],
            [
              139.7019648,
              35.6665202
            ],
            [
              139.7019128,
              35.6661424
            ],
            [
              139.7018637,
              35.6657839
            ],
            [
              139.7018512,
              35.6656928
            ],
            [
              139.7017979,
              35.6653115
            ],
            [
              139.7017375,
              35.6648744
            ],
            [
              139.7016829,
              35.6644691
            ],
            [
              139.7016261,
              35.6640628
            ],
            [
              139.7015704,
              35.6636882
            ],
            [
              139.7015549,
              35.6635677
            ],
            [
              139.7015172,
              35.6632943
            ],
            [
              139.7015103,
              35.6632256
            ],
            [
              139.7014246,
              35.6623451
            ],
            [
              139.7014112,
              35.6621555
            ],
            [
              139.7014004,
              35.6619989
            ],
            [
              139.7013437,
              35.6612249
            ],
            [
              139.701311,
              35.6608341
            ],
            [
              139.7012842,
              35.6604984
            ],
            [
              139.7012608,
              35.6601369
            ],
            [
              139.7012465,
              35.6598394
            ],
            [
              139.7012499,
              35.6596065
            ],
            [
              139.7012813,
              35.6593219
            ],
            [
              139.7013059,
              35.6591939
            ],
            [
              139.7013301,
              35.659095
            ],
            [
              139.7013698,
              35.6589469
            ],
            [
              139.7014237,
              35.6587797
            ],
            [
              139.7014802,
              35.6586322
            ],
            [
              139.7015301,
              35.6585027
            ],
            [
              139.7016003,
              35.6583506
            ],
            [
              139.7017508,
              35.6580748
            ],
            [
              139.7019243,
              35.6577766
            ],
            [
              139.7023384,
              35.6570769
            ],
            [
              139.7024836,
              35.6568617
            ],
            [
              139.702574,
              35.6567346
            ],
            [
              139.7026834,
              35.656593
            ],
            [
              139.7028739,
              35.6563684
            ],
            [
              139.7034143,
              35.6557425
            ],
            [
              139.7039365,
              35.6551469
            ],
            [
              139.7044084,
              35.6546032
            ],
            [
              139.7046252,
              35.6543653
            ],
            [
              139.7048789,
              35.6541227
            ],
            [
              139.7051337,
              35.6538896
            ],
            [
              139.7053801,
              35.6536686
            ],
            [
              139.7057507,
              35.6532806
            ],
            [
              139.7060029,
              35.6529912
            ],
            [
              139.706287,
              35.652663
            ],
            [
              139.7067588,
              35.6521264
            ],
            [
              139.7070612,
              35.6517766
            ],
            [
              139.7071903,
              35.651628
            ],
            [
              139.7072661,
              35.6515381
            ],
            [
              139.7074175,
              35.6513586
            ],
            [
              139.7076292,
              35.6510872
            ],
            [
              139.7077729,
              35.6508871
            ],
            [
              139.7078486,
              35.6507728
            ],
            [
              139.7080359,
              35.6504726
            ],
            [
              139.7081989,
              35.6501937
            ],
            [
              139.7084211,
              35.6497753
            ],
            [
              139.7086552,
              35.6493436
            ],
            [
              139.7086997,
              35.6492622
            ],
            [
              139.7090276,
              35.6486803
            ],
            [
              139.7092114,
              35.6483485
            ],
            [
              139.7093986,
              35.6479838
            ],
            [
              139.7095442,
              35.6476649
            ],
            [
              139.709749,
              35.6472165
            ],
            [
              139.7100432,
              35.6466996
            ],
            [
              139.7101899,
              35.6464346
            ],
            [
              139.7105103,
              35.6458956
            ],
            [
              139.7105147,
              35.6458882
            ],
            [
              139.7110157,
              35.6449429
            ],
            [
              139.7114351,
              35.6442375
            ],
            [
              139.711654,
              35.6438689
            ],
            [
              139.7119891,
              35.6432781
            ],
            [
              139.712367,
              35.6425693
            ],
            [
              139.7125482,
              35.642241
            ],
            [
              139.7127316,
              35.6418971
            ],
            [
              139.7129421,
              35.6415219
            ],
            [
              139.713134,
              35.6411623
            ],
            [
              139.7133275,
              35.6407833
            ],
            [
              139.7134871,
              35.6404212
            ],
            [
              139.713595,
              35.6401687
            ],
            [
              139.7136863,
              35.6399533
            ],
            [
              139.7137461,
              35.6398122
            ],
            [
              139.7138301,
              35.6396356
            ],
            [
              139.7139337,
              35.6394422
            ],
            [
              139.7140501,
              35.6392549
            ],
            [
              139.7141719,
              35.6390747
            ],
            [
              139.7144029,
              35.6387472
            ],
            [
              139.7145217,
              35.6385753
            ],
            [
              139.7145619,
              35.6385113
            ],
            [
              139.714605,
              35.6384427
            ],
            [
              139.7146285,
              35.6384052
            ],
            [
              139.7147038,
              35.6382626
            ],
            [
              139.7147703,
              35.6381049
            ],
            [
              139.7148455,
              35.6378825
            ],
            [
              139.7149022,
              35.6376566
            ],
            [
              139.7149392,
              35.6374156
            ],
            [
              139.7149676,
              35.637109
            ],
            [
              139.7149916,
              35.6369114
            ],
            [
              139.7150199,
              35.6367024
            ],
            [
              139.71507,
              35.6364729
            ],
            [
              139.7151202,
              35.6362815
            ],
            [
              139.7153469,
              35.6354673
            ],
            [
              139.7154284,
              35.6351897
            ],
            [
              139.715458,
              35.6351034
            ],
            [
              139.7154981,
              35.6350073
            ],
            [
              139.7155777,
              35.6348326
            ],
            [
              139.715611,
              35.6347536
            ],
            [
              139.7156418,
              35.6346722
            ],
            [
              139.7157974,
              35.6340714
            ],
            [
              139.715854,
              35.6338348
            ],
            [
              139.7160068,
              35.6332369
            ],
            [
              139.7161168,
              35.6327161
            ],
            [
              139.7163138,
              35.6318434
            ],
            [
              139.7164607,
              35.6314451
            ],
            [
              139.7165088,
              35.6313366
            ],
            [
              139.7166173,
              35.631126
            ],
            [
              139.7167495,
              35.6309031
            ],
            [
              139.7168933,
              35.630699
            ],
            [
              139.7170486,
              35.6305167
            ],
            [
              139.7172192,
              35.630336
            ],
            [
              139.7174262,
              35.6301459
            ],
            [
              139.7176486,
              35.6299745
            ],
            [
              139.717869,
              35.6298234
            ],
            [
              139.7181029,
              35.6296769
            ],
            [
              139.7183789,
              35.6295305
            ],
            [
              139.7186856,
              35.6293903
            ],
            [
              139.7190403,
              35.6292344
            ],
            [
              139.7197374,
              35.6289274
            ],
            [
              139.7202329,
              35.6287092
            ],
            [
              139.7202786,
              35.6286891
            ],
            [
              139.7207559,
              35.628471
            ],
            [
              139.7211336,
              35.6283011
            ],
            [
              139.7214844,
              35.6281266
            ],
            [
              139.7218179,
              35.6279443
            ],
            [
              139.7221572,
              35.6277324
            ],
            [
              139.7224601,
              35.6275003
            ],
            [
              139.722761,
              35.6272666
            ],
            [
              139.7230658,
              35.6269908
            ],
            [
              139.7233096,
              35.6267528
            ],
            [
              139.7233323,
              35.6267306
            ],
            [
              139.7235893,
              35.6264346
            ],
            [
              139.7236933,
              35.6262896
            ],
            [
              139.7240434,
              35.6258113
            ],
            [
              139.7242292,
              35.6255474
            ],
            [
              139.7242754,
              35.6254818
            ],
            [
              139.7246116,
              35.6249656
            ],
            [
              139.7249427,
              35.6244879
            ],
            [
              139.7251906,
              35.624144
            ],
            [
              139.7253846,
              35.6238961
            ],
            [
              139.7258486,
              35.6232772
            ],
            [
              139.7260667,
              35.6229851
            ],
            [
              139.7263213,
              35.6226503
            ],
            [
              139.7269878,
              35.6217724
            ],
            [
              139.7274147,
              35.621211
            ],
            [
              139.7277227,
              35.6208456
            ],
            [
              139.7281934,
              35.6203172
            ],
            [
              139.7284021,
              35.620068
            ],
            [
              139.7287899,
              35.6195354
            ],
            [
              139.7288312,
              35.6194742
            ],
            [
              139.729053,
              35.6191457
            ],
            [
              139.7291384,
              35.6190293
            ],
            [
              139.7294381,
              35.6186252
            ],
            [
              139.7296509,
              35.6183258
            ],
            [
              139.7298947,
              35.6180432
            ],
            [
              139.7300711,
              35.617872
            ],
            [
              139.7302781,
              35.6176982
            ],
            [
              139.73051,
              35.6175312
            ],
            [
              139.7306963,
              35.6174149
            ],
            [
              139.7309372,
              35.6172915
            ],
            [
              139.7311896,
              35.6171824
            ],
            [
              139.731442,
              35.6170923
            ],
            [
              139.7317428,
              35.6170029
            ],
            [
              139.7319959,
              35.6169486
            ],
            [
              139.7323019,
              35.6169009
            ],
            [
              139.7325954,
              35.6168746
            ],
            [
              139.7327861,
              35.6168657
            ],
            [
              139.7329908,
              35.6168687
            ],
            [
              139.7331939,
              35.6168771
            ],
            [
              139.7333632,
              35.6168891
            ],
            [
              139.7335996,
              35.6169179
            ],
            [
              139.7337299,
              35.6169392
            ],
            [
              139.7339684,
              35.6169844
            ],
            [
              139.7341994,
              35.6170362
            ],
            [
              139.7344176,
              35.6170887
            ],
            [
              139.734649,
              35.6171574
            ],
            [
              139.7347827,
              35.617201
            ],
            [
              139.7349342,
              35.6172563
            ],
            [
              139.7350437,
              35.6173038
            ],
            [
              139.7351638,
              35.6173578
            ],
            [
              139.7352783,
              35.6174147
            ],
            [
              139.735382,
              35.6174701
            ],
            [
              139.7355532,
              35.6175686
            ],
            [
              139.7357512,
              35.6177008
            ],
            [
              139.7359582,
              35.6178593
            ],
            [
              139.7361556,
              35.6180186
            ],
            [
              139.7363316,
              35.6181848
            ],
            [
              139.7364896,
              35.6183469
            ],
            [
              139.7366706,
              35.6185641
            ],
            [
              139.7369656,
              35.6190233
            ],
            [
              139.7370832,
              35.6192574
            ],
            [
              139.7372134,
              35.6196485
            ],
            [
              139.7373155,
              35.6199975
            ],
            [
              139.7373904,
              35.6202708
            ],
            [
              139.7376352,
              35.6211636
            ],
            [
              139.7377536,
              35.6215952
            ],
            [
              139.7379613,
              35.6223533
            ],
            [
              139.7383202,
              35.62363
            ],
            [
              139.738512,
              35.6244584
            ],
            [
              139.738603,
              35.6247868
            ],
            [
              139.7386601,
              35.6250788
            ],
            [
              139.7386835,
              35.6252638
            ],
            [
              139.7386964,
              35.6254052
            ],
            [
              139.7387033,
              35.6255684
            ],
            [
              139.7387061,
              35.6256996
            ],
            [
              139.7387053,
              35.6258643
            ],
            [
              139.7386937,
              35.6260555
            ],
            [
              139.7386791,
              35.626178
            ],
            [
              139.7386736,
              35.6262359
            ],
            [
              139.7386553,
              35.6263548
            ],
            [
              139.7386368,
              35.6264612
            ],
            [
              139.7386108,
              35.6265941
            ],
            [
              139.7385627,
              35.6268177
            ],
            [
              139.7385393,
              35.626927
            ],
            [
              139.7385164,
              35.6270286
            ],
            [
              139.7384682,
              35.6272881
            ],
            [
              139.7384462,
              35.6274101
            ],
            [
              139.7384261,
              35.6275393
            ],
            [
              139.7384085,
              35.6276722
            ],
            [
              139.7383933,
              35.6277991
            ]
          ],
          [
            [
              139.7276701,
              35.6208282
            ],
            [
              139.7277014,
              35.6208453
            ],
            [
              139.7281487,
              35.6203425
            ],
            [
              139.7287982,
              35.6194612
            ],
            [
              139.7287652,
              35.619447
            ],
            [
              139.7280698,
              35.6203032
            ],
            [
              139.7276701,
              35.6208282
            ]
          ],
          [
            [
              139.7224339,
              35.6274202
            ],
            [
              139.7224967,
              35.6274637
            ],
            [
              139.7227515,
              35.627258
            ],
            [
              139.7230531,
              35.6269825
            ],
            [
              139.7233202,
              35.6267219
            ],
            [
              139.7235647,
              35.6264465
            ],
            [
              139.7238036,
              35.6261258
            ],
            [
              139.7240529,
              35.6257688
            ],
            [
              139.72401,
              35.6257484
            ],
            [
              139.7239632,
              35.6257261
            ],
            [
              139.7236918,
              35.626077
            ],
            [
              139.7234593,
              35.6263791
            ],
            [
              139.7232268,
              35.6266622
            ],
            [
              139.7229779,
              35.626927
            ],
            [
              139.7226884,
              35.6272045
            ],
            [
              139.7224339,
              35.6274202
            ]
          ],
          [
            [
              139.7156835,
              35.6340758
            ],
            [
              139.7156227,
              35.6342755
            ],
            [
              139.7154331,
              35.635002
            ],
            [
              139.7154521,
              35.6350059
            ],
            [
              139.7154409,
              35.6350474
            ],
            [
              139.7154549,
              35.6350492
            ],
            [
              139.7154672,
              35.6350083
            ],
            [
              139.715487,
              35.6350123
            ],
            [
              139.7156272,
              35.6346646
            ],
            [
              139.7157278,
              35.6342927
            ],
            [
              139.7157774,
              35.6340824
            ],
            [
              139.715802,
              35.6339846
            ],
            [
              139.7159871,
              35.6332352
            ],
            [
              139.716099,
              35.6327099
            ],
            [
              139.7162016,
              35.6322765
            ],
            [
              139.7161712,
              35.6322704
            ],
            [
              139.7160551,
              35.6327003
            ],
            [
              139.7159865,
              35.63297
            ],
            [
              139.7159208,
              35.6332141
            ],
            [
              139.7157992,
              35.633661
            ],
            [
              139.7157539,
              35.6338214
            ],
            [
              139.7156835,
              35.6340758
            ]
          ],
          [
            [
              139.710576,
              35.6455867
            ],
            [
              139.7106355,
              35.6456096
            ],
            [
              139.7098239,
              35.6470421
            ],
            [
              139.7097841,
              35.6470298
            ],
            [
              139.710576,
              35.6455867
            ]
          ],
          [
            [
              139.7028927,
              35.6722593
            ],
            [
              139.7028304,
              35.6721005
            ],
            [
              139.7027763,
              35.6719461
            ],
            [
              139.7027051,
              35.6717243
            ],
            [
              139.7026407,
              35.6714537
            ],
            [
              139.702589,
              35.6712276
            ],
            [
              139.702541,
              35.6709944
            ],
            [
              139.7024497,
              35.670539
            ],
            [
              139.7024297,
              35.67042
            ],
            [
              139.7023911,
              35.670137
            ],
            [
              139.7023855,
              35.6700289
            ],
            [
              139.7024064,
              35.6700276
            ],
            [
              139.70242,
              35.6700267
            ],
            [
              139.7024379,
              35.6701328
            ],
            [
              139.7024884,
              35.6704124
            ],
            [
              139.7025162,
              35.6705409
            ],
            [
              139.7025927,
              35.6708675
            ],
            [
              139.7026423,
              35.6711072
            ],
            [
              139.7027117,
              35.6714418
            ],
            [
              139.7027462,
              35.6715939
            ],
            [
              139.7027845,
              35.6717541
            ],
            [
              139.7028344,
              35.6719289
            ],
            [
              139.7028866,
              35.6721145
            ],
            [
              139.7029306,
              35.6722511
            ],
            [
              139.7029212,
              35.6722531
            ],
            [
              139.7028927,
              35.6722593
            ]
          ],
          [
            [
              139.7019474,
              35.6843387
            ],
            [
              139.7019037,
              35.6845066
            ],
            [
              139.7018266,
              35.6848074
            ],
            [
              139.7018042,
              35.6848753
            ],
            [
              139.7017746,
              35.6849882
            ],
            [
              139.7017118,
              35.6851795
            ],
            [
              139.7016826,
              35.6852632
            ],
            [
              139.7017048,
              35.685269
            ],
            [
              139.7017395,
              35.6851893
            ],
            [
              139.7018322,
              35.6849183
            ],
            [
              139.7019705,
              35.684521
            ],
            [
              139.7019965,
              35.6844227
            ],
            [
              139.7020452,
              35.6842292
            ],
            [
              139.7020721,
              35.6841203
            ],
            [
              139.702115,
              35.6839559
            ],
            [
              139.7021644,
              35.683766
            ],
            [
              139.7022117,
              35.6835777
            ],
            [
              139.702269,
              35.6833859
            ],
            [
              139.7022596,
              35.6833843
            ],
            [
              139.70225,
              35.6833825
            ],
            [
              139.7022792,
              35.6832725
            ],
            [
              139.7022983,
              35.6832785
            ],
            [
              139.702314,
              35.683224
            ],
            [
              139.7022899,
              35.6832162
            ],
            [
              139.7023312,
              35.6831249
            ],
            [
              139.70234,
              35.6831283
            ],
            [
              139.702355,
              35.6831336
            ],
            [
              139.7024139,
              35.6830081
            ],
            [
              139.702416,
              35.6829221
            ],
            [
              139.7024944,
              35.682762
            ],
            [
              139.7024644,
              35.682747
            ],
            [
              139.7023725,
              35.682951
            ],
            [
              139.7022941,
              35.6831137
            ],
            [
              139.7022412,
              35.6832377
            ],
            [
              139.7022034,
              35.68334
            ],
            [
              139.7021562,
              35.6835198
            ],
            [
              139.7021001,
              35.6837391
            ],
            [
              139.7020479,
              35.6839461
            ],
            [
              139.7020142,
              35.6840784
            ],
            [
              139.7019474,
              35.6843387
            ]
          ],
          [
            [
              139.7002684,
              35.701835
            ],
            [
              139.700325,
              35.7018309
            ],
            [
              139.7002197,
              35.7008047
            ],
            [
              139.7001349,
              35.6997818
            ],
            [
              139.700099,
              35.6997845
            ],
            [
              139.7001713,
              35.7008086
            ],
            [
              139.7002684,
              35.701835
            ]
          ],
          [
            [
              139.7058095,
              35.7192993
            ],
            [
              139.7059855,
              35.7198768
            ],
            [
              139.7061806,
              35.7205049
            ],
            [
              139.7062335,
              35.7206678
            ],
            [
              139.7063563,
              35.7210258
            ],
            [
              139.7065189,
              35.7214047
            ],
            [
              139.7065859,
              35.7213863
            ],
            [
              139.7064015,
              35.7209155
            ],
            [
              139.7063057,
              35.7206522
            ],
            [
              139.7062477,
              35.7204876
            ],
            [
              139.7060359,
              35.7198644
            ],
            [
              139.7058339,
              35.7192898
            ],
            [
              139.7058095,
              35.7192993
            ]
          ],
          [
            [
              139.7103485,
              35.7292751
            ],
            [
              139.7103646,
              35.7292692
            ],
            [
              139.7103433,
              35.7292153
            ],
            [
              139.7103074,
              35.7291228
            ],
            [
              139.7103307,
              35.7291158
            ],
            [
              139.7103538,
              35.7291089
            ],
            [
              139.7104549,
              35.7293372
            ],
            [
              139.7105473,
              35.7295283
            ],
            [
              139.7114016,
              35.7311412
            ],
            [
              139.7113073,
              35.7311732
            ],
            [
              139.7110096,
              35.7306128
            ],
            [
              139.710462,
              35.7295629
            ],
            [
              139.7103485,
              35.7292751
            ]
          ],
          [
            [
              139.7267106,
              35.7321797
            ],
            [
              139.7268605,
              35.7321444
            ],
            [
              139.7273277,
              35.7320346
            ],
            [
              139.7278175,
              35.731917
            ],
            [
              139.728839,
              35.7316546
            ],
            [
              139.7293443,
              35.7314885
            ],
            [
              139.7294069,
              35.731468
            ],
            [
              139.729392,
              35.7314453
            ],
            [
              139.7293321,
              35.7314607
            ],
            [
              139.7273127,
              35.7319792
            ],
            [
              139.7268465,
              35.732106
            ],
            [
              139.7266986,
              35.7321462
            ],
            [
              139.7267106,
              35.7321797
            ]
          ],
          [
            [
              139.7410496,
              35.7340275
            ],
            [
              139.7410146,
              35.7340816
            ],
            [
              139.7396992,
              35.7335679
            ],
            [
              139.7391199,
              35.7333072
            ],
            [
              139.739144,
              35.7332664
            ],
            [
              139.7410496,
              35.7340275
            ]
          ],
          [
            [
              139.7493573,
              35.7375175
            ],
            [
              139.7493714,
              35.7375015
            ],
            [
              139.7491493,
              35.7373788
            ],
            [
              139.7485973,
              35.7371242
            ],
            [
              139.7476189,
              35.7367138
            ],
            [
              139.7469923,
              35.7364565
            ],
            [
              139.7469707,
              35.736498
            ],
            [
              139.7493573,
              35.7375175
            ]
          ],
          [
            [
              139.7661267,
              35.7328285
            ],
            [
              139.7661662,
              35.7328442
            ],
            [
              139.7669389,
              35.7317296
            ],
            [
              139.7672823,
              35.7312893
            ],
            [
              139.7672067,
              35.7312516
            ],
            [
              139.7669486,
              35.7315552
            ],
            [
              139.7668346,
              35.7316833
            ],
            [
              139.7666476,
              35.7320071
            ],
            [
              139.7661267,
              35.7328285
            ]
          ],
          [
            [
              139.7701221,
              35.7281098
            ],
            [
              139.7707106,
              35.7275839
            ],
            [
              139.7707576,
              35.7275419
            ],
            [
              139.7710574,
              35.7272789
            ],
            [
              139.7712,
              35.7271538
            ],
            [
              139.7713141,
              35.7270545
            ],
            [
              139.7715819,
              35.7268563
            ],
            [
              139.7717354,
              35.7267623
            ],
            [
              139.7720364,
              35.7265694
            ],
            [
              139.7720683,
              35.7265965
            ],
            [
              139.7715986,
              35.72692
            ],
            [
              139.7714309,
              35.727053
            ],
            [
              139.7711145,
              35.7273215
            ],
            [
              139.7707626,
              35.72762
            ],
            [
              139.7706289,
              35.7277335
            ],
            [
              139.7701703,
              35.7281446
            ],
            [
              139.7701221,
              35.7281098
            ]
          ],
          [
            [
              139.7579143,
              35.6673741
            ],
            [
              139.7579244,
              35.6673739
            ],
            [
              139.7579376,
              35.6673736
            ],
            [
              139.7579466,
              35.6673734
            ],
            [
              139.7579573,
              35.6670641
            ],
            [
              139.7580204,
              35.6665056
            ],
            [
              139.7580691,
              35.6661602
            ],
            [
              139.7581962,
              35.6655889
            ],
            [
              139.7581817,
              35.665587
            ],
            [
              139.7582093,
              35.6654591
            ],
            [
              139.7582022,
              35.6654581
            ],
            [
              139.7581876,
              35.6654562
            ],
            [
              139.7581798,
              35.6654551
            ],
            [
              139.7581471,
              35.6655799
            ],
            [
              139.7581334,
              35.6655829
            ],
            [
              139.7579981,
              35.6661495
            ],
            [
              139.7579527,
              35.666371
            ],
            [
              139.7579147,
              35.6666183
            ],
            [
              139.7578877,
              35.6669326
            ],
            [
              139.757887,
              35.6670075
            ],
            [
              139.7578906,
              35.6670744
            ],
            [
              139.7579143,
              35.6673741
            ]
          ],
          [
            [
              139.7572731,
              35.656076
            ],
            [
              139.7572457,
              35.6560816
            ],
            [
              139.7572028,
              35.6560903
            ],
            [
              139.7571621,
              35.6559878
            ],
            [
              139.7569298,
              35.6551301
            ],
            [
              139.756814,
              35.6546166
            ],
            [
              139.7568818,
              35.6545979
            ],
            [
              139.7571444,
              35.6556183
            ],
            [
              139.7572731,
              35.656076
            ]
          ],
          [
            [
              139.7486834,
              35.6462735
            ],
            [
              139.7486635,
              35.6462917
            ],
            [
              139.7482905,
              35.6461285
            ],
            [
              139.7473155,
              35.6456751
            ],
            [
              139.746767,
              35.6453874
            ],
            [
              139.746415,
              35.6452027
            ],
            [
              139.746424,
              35.6451913
            ],
            [
              139.7464382,
              35.645173
            ],
            [
              139.7486921,
              35.6462594
            ],
            [
              139.7486834,
              35.6462735
            ]
          ],
          [
            [
              139.7410814,
              35.6362626
            ],
            [
              139.7411703,
              35.6362394
            ],
            [
              139.7404061,
              35.6344489
            ],
            [
              139.7403184,
              35.6344734
            ],
            [
              139.7410814,
              35.6362626
            ]
          ],
          [
            [
              139.7385646,
              35.6270784
            ],
            [
              139.7385317,
              35.6270784
            ],
            [
              139.7384214,
              35.6276717
            ],
            [
              139.7383705,
              35.6286571
            ],
            [
              139.7383909,
              35.6292283
            ],
            [
              139.7384425,
              35.6292321
            ],
            [
              139.7385646,
              35.6270784
            ]
          ]
        ]
      },
      "id": "relation/1972960"
    },
    {
      "type": "Feature",
      "properties": {
        "@id": "node/31253872",
        "@relations": [
          {
            "role": "stop",
            "rel": 1972960,
            "reltags": {
              "colour": "#B1CB39",
              "distance": "34.5",
              "duration": "60",
              "from": "品川",
              "interval": "4",
              "interval:conditional": "7 @ Mo-Fr 04:30-05:59; 10 @ Sa-Su 04:30-05:59; 5 @ Mo-Fr 06:00-08:09; 3 @ Mo-Fr 08:10-09:50, 16:50-17:50; 8 @ Sa-Su 06:00-08:09; 4 @ Sa-Su 08:10-09:50; 5 @ Mo-Su 21:00-23:00; 8 @ Mo-Su 23:00-00:59",
              "name": "JR山手線",
              "name:de": "JR Yamanote Linie (entgegen dem Uhrzeigersinn)",
              "name:en": "JR Yamanote Line (Inner)",
              "name:es": "Línea JR Yamanote (Interior)",
              "name:it": "Linea Yamanote (interna)",
              "name:ja": "JR山手線 (内回り)",
              "name:ko": "야마노테선",
              "name:ru": "Линия JR Яманотэ",
              "name:zh": "JR山手线 (内圈)",
              "network": "東京近郊区間;山手線",
              "network:en": "Tokyo Suburban Area",
              "network:metro": "山手線",
              "note:interval": "See also traffic information: https://gigazine.net/gsc_news/en/20171206-traffic-information-map",
              "opening_hours": "Mo-Su 04:26-01:18",
              "operator": "東日本旅客鉄道",
              "operator:en": "East Japan Railway Company",
              "operator:ko": "동일본 여객철도 주식회사",
              "public_transport:version": "2",
              "ref": "JY",
              "roundtrip": "yes",
              "route": "train",
              "to": "品川",
              "type": "route",
              "wikidata": "Q693036",
              "wikipedia": "ja:山手線"
            }
          }
        ]
      },
      "geometry": {
        "type": "Point",
        "coordinates": [
          139.7570361,
          35.6551147
        ]
      },
      "id": "node/31253872"
    },
    {
      "type": "Feature",
      "properties": {
        "@id": "node/31254032",
        "@relations": [
          {
            "role": "stop",
            "rel": 1972960,
            "reltags": {
              "colour": "#B1CB39",
              "distance": "34.5",
              "duration": "60",
              "from": "品川",
              "interval": "4",
              "interval:conditional": "7 @ Mo-Fr 04:30-05:59; 10 @ Sa-Su 04:30-05:59; 5 @ Mo-Fr 06:00-08:09; 3 @ Mo-Fr 08:10-09:50, 16:50-17:50; 8 @ Sa-Su 06:00-08:09; 4 @ Sa-Su 08:10-09:50; 5 @ Mo-Su 21:00-23:00; 8 @ Mo-Su 23:00-00:59",
              "name": "JR山手線",
              "name:de": "JR Yamanote Linie (entgegen dem Uhrzeigersinn)",
              "name:en": "JR Yamanote Line (Inner)",
              "name:es": "Línea JR Yamanote (Interior)",
              "name:it": "Linea Yamanote (interna)",
              "name:ja": "JR山手線 (内回り)",
              "name:ko": "야마노테선",
              "name:ru": "Линия JR Яманотэ",
              "name:zh": "JR山手线 (内圈)",
              "network": "東京近郊区間;山手線",
              "network:en": "Tokyo Suburban Area",
              "network:metro": "山手線",
              "note:interval": "See also traffic information: https://gigazine.net/gsc_news/en/20171206-traffic-information-map",
              "opening_hours": "Mo-Su 04:26-01:18",
              "operator": "東日本旅客鉄道",
              "operator:en": "East Japan Railway Company",
              "operator:ko": "동일본 여객철도 주식회사",
              "public_transport:version": "2",
              "ref": "JY",
              "roundtrip": "yes",
              "route": "train",
              "to": "品川",
              "type": "route",
              "wikidata": "Q693036",
              "wikipedia": "ja:山手線"
            }
          }
        ]
      },
      "geometry": {
        "type": "Point",
        "coordinates": [
          139.7580882,
          35.6661567
        ]
      },
      "id": "node/31254032"
    },
    {
      "type": "Feature",
      "properties": {
        "@id": "node/393101195",
        "@relations": [
          {
            "role": "stop",
            "rel": 1972920,
            "reltags": {
              "colour": "#B1CB39",
              "distance": "34.5",
              "duration": "60",
              "from": "品川",
              "interval": "4",
              "interval:conditional": "7 @ Mo-Fr 04:30-05:59; 10 @ Sa-Su 04:30-05:59; 5 @ Mo-Fr 06:00-08:09; 3 @ Mo-Fr 08:10-09:50, 16:50-17:50; 8 @ Sa-Su 06:00-08:09; 4 @ Sa-Su 08:10-09:50; 5 @ Mo-Su 21:00-23:00; 8 @ Mo-Su 23:00-00:59",
              "name": "JR山手線",
              "name:de": "JR Yamanote Linie (im Uhrzeigersinn)",
              "name:en": "JR Yamanote Line (Outer)",
              "name:es": "Línea JR Yamanote (Exterior)",
              "name:it": "Linea Yamanote (esterna)",
              "name:ja": "JR山手線 (外回り)",
              "name:ja-Latn": "Sotomawari",
              "name:ko": "JR 야마노테선",
              "name:ru": "Линия JR Яманотэ",
              "name:zh": "JR山手线 (外圈)",
              "network": "東京近郊区間;山手線",
              "network:en": "Tokyo Suburban Area",
              "network:metro": "山手線",
              "note:interval": "See also traffic information: https://gigazine.net/gsc_news/en/20171206-traffic-information-map",
              "opening_hours": "Mo-Su 04:26-01:18",
              "operator": "東日本旅客鉄道",
              "operator:en": "East Japan Railway Company",
              "public_transport:version": "2",
              "ref": "JY",
              "roundtrip": "yes",
              "route": "train",
              "to": "品川",
              "type": "route",
              "wikidata": "Q693036",
              "wikipedia": "ja:山手線"
            }
          }
        ]
      },
      "geometry": {
        "type": "Point",
        "coordinates": [
          139.7581443,
          35.6661629
        ]
      },
      "id": "node/393101195"
    },
    {
      "type": "Feature",
      "properties": {
        "@id": "node/393105021",
        "@relations": [
          {
            "role": "stop",
            "rel": 1972920,
            "reltags": {
              "colour": "#B1CB39",
              "distance": "34.5",
              "duration": "60",
              "from": "品川",
              "interval": "4",
              "interval:conditional": "7 @ Mo-Fr 04:30-05:59; 10 @ Sa-Su 04:30-05:59; 5 @ Mo-Fr 06:00-08:09; 3 @ Mo-Fr 08:10-09:50, 16:50-17:50; 8 @ Sa-Su 06:00-08:09; 4 @ Sa-Su 08:10-09:50; 5 @ Mo-Su 21:00-23:00; 8 @ Mo-Su 23:00-00:59",
              "name": "JR山手線",
              "name:de": "JR Yamanote Linie (im Uhrzeigersinn)",
              "name:en": "JR Yamanote Line (Outer)",
              "name:es": "Línea JR Yamanote (Exterior)",
              "name:it": "Linea Yamanote (esterna)",
              "name:ja": "JR山手線 (外回り)",
              "name:ja-Latn": "Sotomawari",
              "name:ko": "JR 야마노테선",
              "name:ru": "Линия JR Яманотэ",
              "name:zh": "JR山手线 (外圈)",
              "network": "東京近郊区間;山手線",
              "network:en": "Tokyo Suburban Area",
              "network:metro": "山手線",
              "note:interval": "See also traffic information: https://gigazine.net/gsc_news/en/20171206-traffic-information-map",
              "opening_hours": "Mo-Su 04:26-01:18",
              "operator": "東日本旅客鉄道",
              "operator:en": "East Japan Railway Company",
              "public_transport:version": "2",
              "ref": "JY",
              "roundtrip": "yes",
              "route": "train",
              "to": "品川",
              "type": "route",
              "wikidata": "Q693036",
              "wikipedia": "ja:山手線"
            }
          }
        ]
      },
      "geometry": {
        "type": "Point",
        "coordinates": [
          139.7570791,
          35.6551083
        ]
      },
      "id": "node/393105021"
    },
    {
      "type": "Feature",
      "properties": {
        "@id": "node/1579675415",
        "@relations": [
          {
            "role": "stop",
            "rel": 1972920,
            "reltags": {
              "colour": "#B1CB39",
              "distance": "34.5",
              "duration": "60",
              "from": "品川",
              "interval": "4",
              "interval:conditional": "7 @ Mo-Fr 04:30-05:59; 10 @ Sa-Su 04:30-05:59; 5 @ Mo-Fr 06:00-08:09; 3 @ Mo-Fr 08:10-09:50, 16:50-17:50; 8 @ Sa-Su 06:00-08:09; 4 @ Sa-Su 08:10-09:50; 5 @ Mo-Su 21:00-23:00; 8 @ Mo-Su 23:00-00:59",
              "name": "JR山手線",
              "name:de": "JR Yamanote Linie (im Uhrzeigersinn)",
              "name:en": "JR Yamanote Line (Outer)",
              "name:es": "Línea JR Yamanote (Exterior)",
              "name:it": "Linea Yamanote (esterna)",
              "name:ja": "JR山手線 (外回り)",
              "name:ja-Latn": "Sotomawari",
              "name:ko": "JR 야마노테선",
              "name:ru": "Линия JR Яманотэ",
              "name:zh": "JR山手线 (外圈)",
              "network": "東京近郊区間;山手線",
              "network:en": "Tokyo Suburban Area",
              "network:metro": "山手線",
              "note:interval": "See also traffic information: https://gigazine.net/gsc_news/en/20171206-traffic-information-map",
              "opening_hours": "Mo-Su 04:26-01:18",
              "operator": "東日本旅客鉄道",
              "operator:en": "East Japan Railway Company",
              "public_transport:version": "2",
              "ref": "JY",
              "roundtrip": "yes",
              "route": "train",
              "to": "品川",
              "type": "route",
              "wikidata": "Q693036",
              "wikipedia": "ja:山手線"
            }
          }
        ]
      },
      "geometry": {
        "type": "Point",
        "coordinates": [
          139.7023701,
          35.6702225
        ]
      },
      "id": "node/1579675415"
    },
    {
      "type": "Feature",
      "properties": {
        "@id": "node/1591333868",
        "@relations": [
          {
            "role": "stop",
            "rel": 1972920,
            "reltags": {
              "colour": "#B1CB39",
              "distance": "34.5",
              "duration": "60",
              "from": "品川",
              "interval": "4",
              "interval:conditional": "7 @ Mo-Fr 04:30-05:59; 10 @ Sa-Su 04:30-05:59; 5 @ Mo-Fr 06:00-08:09; 3 @ Mo-Fr 08:10-09:50, 16:50-17:50; 8 @ Sa-Su 06:00-08:09; 4 @ Sa-Su 08:10-09:50; 5 @ Mo-Su 21:00-23:00; 8 @ Mo-Su 23:00-00:59",
              "name": "JR山手線",
              "name:de": "JR Yamanote Linie (im Uhrzeigersinn)",
              "name:en": "JR Yamanote Line (Outer)",
              "name:es": "Línea JR Yamanote (Exterior)",
              "name:it": "Linea Yamanote (esterna)",
              "name:ja": "JR山手線 (外回り)",
              "name:ja-Latn": "Sotomawari",
              "name:ko": "JR 야마노테선",
              "name:ru": "Линия JR Яманотэ",
              "name:zh": "JR山手线 (外圈)",
              "network": "東京近郊区間;山手線",
              "network:en": "Tokyo Suburban Area",
              "network:metro": "山手線",
              "note:interval": "See also traffic information: https://gigazine.net/gsc_news/en/20171206-traffic-information-map",
              "opening_hours": "Mo-Su 04:26-01:18",
              "operator": "東日本旅客鉄道",
              "operator:en": "East Japan Railway Company",
              "public_transport:version": "2",
              "ref": "JY",
              "roundtrip": "yes",
              "route": "train",
              "to": "品川",
              "type": "route",
              "wikidata": "Q693036",
              "wikipedia": "ja:山手線"
            }
          }
        ]
      },
      "geometry": {
        "type": "Point",
        "coordinates": [
          139.7704317,
          35.7279885
        ]
      },
      "id": "node/1591333868"
    },
    {
      "type": "Feature",
      "properties": {
        "@id": "node/1593259713",
        "@relations": [
          {
            "role": "stop",
            "rel": 1972960,
            "reltags": {
              "colour": "#B1CB39",
              "distance": "34.5",
              "duration": "60",
              "from": "品川",
              "interval": "4",
              "interval:conditional": "7 @ Mo-Fr 04:30-05:59; 10 @ Sa-Su 04:30-05:59; 5 @ Mo-Fr 06:00-08:09; 3 @ Mo-Fr 08:10-09:50, 16:50-17:50; 8 @ Sa-Su 06:00-08:09; 4 @ Sa-Su 08:10-09:50; 5 @ Mo-Su 21:00-23:00; 8 @ Mo-Su 23:00-00:59",
              "name": "JR山手線",
              "name:de": "JR Yamanote Linie (entgegen dem Uhrzeigersinn)",
              "name:en": "JR Yamanote Line (Inner)",
              "name:es": "Línea JR Yamanote (Interior)",
              "name:it": "Linea Yamanote (interna)",
              "name:ja": "JR山手線 (内回り)",
              "name:ko": "야마노테선",
              "name:ru": "Линия JR Яманотэ",
              "name:zh": "JR山手线 (内圈)",
              "network": "東京近郊区間;山手線",
              "network:en": "Tokyo Suburban Area",
              "network:metro": "山手線",
              "note:interval": "See also traffic information: https://gigazine.net/gsc_news/en/20171206-traffic-information-map",
              "opening_hours": "Mo-Su 04:26-01:18",
              "operator": "東日本旅客鉄道",
              "operator:en": "East Japan Railway Company",
              "operator:ko": "동일본 여객철도 주식회사",
              "public_transport:version": "2",
              "ref": "JY",
              "roundtrip": "yes",
              "route": "train",
              "to": "品川",
              "type": "route",
              "wikidata": "Q693036",
              "wikipedia": "ja:山手線"
            }
          }
        ]
      },
      "geometry": {
        "type": "Point",
        "coordinates": [
          139.7157974,
          35.6340714
        ]
      },
      "id": "node/1593259713"
    },
    {
      "type": "Feature",
      "properties": {
        "@id": "node/1593264885",
        "@relations": [
          {
            "role": "stop",
            "rel": 1972920,
            "reltags": {
              "colour": "#B1CB39",
              "distance": "34.5",
              "duration": "60",
              "from": "品川",
              "interval": "4",
              "interval:conditional": "7 @ Mo-Fr 04:30-05:59; 10 @ Sa-Su 04:30-05:59; 5 @ Mo-Fr 06:00-08:09; 3 @ Mo-Fr 08:10-09:50, 16:50-17:50; 8 @ Sa-Su 06:00-08:09; 4 @ Sa-Su 08:10-09:50; 5 @ Mo-Su 21:00-23:00; 8 @ Mo-Su 23:00-00:59",
              "name": "JR山手線",
              "name:de": "JR Yamanote Linie (im Uhrzeigersinn)",
              "name:en": "JR Yamanote Line (Outer)",
              "name:es": "Línea JR Yamanote (Exterior)",
              "name:it": "Linea Yamanote (esterna)",
              "name:ja": "JR山手線 (外回り)",
              "name:ja-Latn": "Sotomawari",
              "name:ko": "JR 야마노테선",
              "name:ru": "Линия JR Яманотэ",
              "name:zh": "JR山手线 (外圈)",
              "network": "東京近郊区間;山手線",
              "network:en": "Tokyo Suburban Area",
              "network:metro": "山手線",
              "note:interval": "See also traffic information: https://gigazine.net/gsc_news/en/20171206-traffic-information-map",
              "opening_hours": "Mo-Su 04:26-01:18",
              "operator": "東日本旅客鉄道",
              "operator:en": "East Japan Railway Company",
              "public_transport:version": "2",
              "ref": "JY",
              "roundtrip": "yes",
              "route": "train",
              "to": "品川",
              "type": "route",
              "wikidata": "Q693036",
              "wikipedia": "ja:山手線"
            }
          }
        ]
      },
      "geometry": {
        "type": "Point",
        "coordinates": [
          139.7710125,
          35.6917689
        ]
      },
      "id": "node/1593264885"
    },
    {
      "type": "Feature",
      "properties": {
        "@id": "node/1593268411",
        "@relations": [
          {
            "role": "stop",
            "rel": 1972920,
            "reltags": {
              "colour": "#B1CB39",
              "distance": "34.5",
              "duration": "60",
              "from": "品川",
              "interval": "4",
              "interval:conditional": "7 @ Mo-Fr 04:30-05:59; 10 @ Sa-Su 04:30-05:59; 5 @ Mo-Fr 06:00-08:09; 3 @ Mo-Fr 08:10-09:50, 16:50-17:50; 8 @ Sa-Su 06:00-08:09; 4 @ Sa-Su 08:10-09:50; 5 @ Mo-Su 21:00-23:00; 8 @ Mo-Su 23:00-00:59",
              "name": "JR山手線",
              "name:de": "JR Yamanote Linie (im Uhrzeigersinn)",
              "name:en": "JR Yamanote Line (Outer)",
              "name:es": "Línea JR Yamanote (Exterior)",
              "name:it": "Linea Yamanote (esterna)",
              "name:ja": "JR山手線 (外回り)",
              "name:ja-Latn": "Sotomawari",
              "name:ko": "JR 야마노테선",
              "name:ru": "Линия JR Яманотэ",
              "name:zh": "JR山手线 (外圈)",
              "network": "東京近郊区間;山手線",
              "network:en": "Tokyo Suburban Area",
              "network:metro": "山手線",
              "note:interval": "See also traffic information: https://gigazine.net/gsc_news/en/20171206-traffic-information-map",
              "opening_hours": "Mo-Su 04:26-01:18",
              "operator": "東日本旅客鉄道",
              "operator:en": "East Japan Railway Company",
              "public_transport:version": "2",
              "ref": "JY",
              "roundtrip": "yes",
              "route": "train",
              "to": "品川",
              "type": "route",
              "wikidata": "Q693036",
              "wikipedia": "ja:山手線"
            }
          }
        ]
      },
      "geometry": {
        "type": "Point",
        "coordinates": [
          139.7746504,
          35.7069502
        ]
      },
      "id": "node/1593268411"
    },
    {
      "type": "Feature",
      "properties": {
        "@id": "node/1593325906",
        "@relations": [
          {
            "role": "stop",
            "rel": 1972920,
            "reltags": {
              "colour": "#B1CB39",
              "distance": "34.5",
              "duration": "60",
              "from": "品川",
              "interval": "4",
              "interval:conditional": "7 @ Mo-Fr 04:30-05:59; 10 @ Sa-Su 04:30-05:59; 5 @ Mo-Fr 06:00-08:09; 3 @ Mo-Fr 08:10-09:50, 16:50-17:50; 8 @ Sa-Su 06:00-08:09; 4 @ Sa-Su 08:10-09:50; 5 @ Mo-Su 21:00-23:00; 8 @ Mo-Su 23:00-00:59",
              "name": "JR山手線",
              "name:de": "JR Yamanote Linie (im Uhrzeigersinn)",
              "name:en": "JR Yamanote Line (Outer)",
              "name:es": "Línea JR Yamanote (Exterior)",
              "name:it": "Linea Yamanote (esterna)",
              "name:ja": "JR山手線 (外回り)",
              "name:ja-Latn": "Sotomawari",
              "name:ko": "JR 야마노테선",
              "name:ru": "Линия JR Яманотэ",
              "name:zh": "JR山手线 (外圈)",
              "network": "東京近郊区間;山手線",
              "network:en": "Tokyo Suburban Area",
              "network:metro": "山手線",
              "note:interval": "See also traffic information: https://gigazine.net/gsc_news/en/20171206-traffic-information-map",
              "opening_hours": "Mo-Su 04:26-01:18",
              "operator": "東日本旅客鉄道",
              "operator:en": "East Japan Railway Company",
              "public_transport:version": "2",
              "ref": "JY",
              "roundtrip": "yes",
              "route": "train",
              "to": "品川",
              "type": "route",
              "wikidata": "Q693036",
              "wikipedia": "ja:山手線"
            }
          }
        ]
      },
      "geometry": {
        "type": "Point",
        "coordinates": [
          139.7235645,
          35.6262242
        ]
      },
      "id": "node/1593325906"
    },
    {
      "type": "Feature",
      "properties": {
        "@id": "node/1593326191",
        "@relations": [
          {
            "role": "stop",
            "rel": 1972920,
            "reltags": {
              "colour": "#B1CB39",
              "distance": "34.5",
              "duration": "60",
              "from": "品川",
              "interval": "4",
              "interval:conditional": "7 @ Mo-Fr 04:30-05:59; 10 @ Sa-Su 04:30-05:59; 5 @ Mo-Fr 06:00-08:09; 3 @ Mo-Fr 08:10-09:50, 16:50-17:50; 8 @ Sa-Su 06:00-08:09; 4 @ Sa-Su 08:10-09:50; 5 @ Mo-Su 21:00-23:00; 8 @ Mo-Su 23:00-00:59",
              "name": "JR山手線",
              "name:de": "JR Yamanote Linie (im Uhrzeigersinn)",
              "name:en": "JR Yamanote Line (Outer)",
              "name:es": "Línea JR Yamanote (Exterior)",
              "name:it": "Linea Yamanote (esterna)",
              "name:ja": "JR山手線 (外回り)",
              "name:ja-Latn": "Sotomawari",
              "name:ko": "JR 야마노테선",
              "name:ru": "Линия JR Яманотэ",
              "name:zh": "JR山手线 (外圈)",
              "network": "東京近郊区間;山手線",
              "network:en": "Tokyo Suburban Area",
              "network:metro": "山手線",
              "note:interval": "See also traffic information: https://gigazine.net/gsc_news/en/20171206-traffic-information-map",
              "opening_hours": "Mo-Su 04:26-01:18",
              "operator": "東日本旅客鉄道",
              "operator:en": "East Japan Railway Company",
              "public_transport:version": "2",
              "ref": "JY",
              "roundtrip": "yes",
              "route": "train",
              "to": "品川",
              "type": "route",
              "wikidata": "Q693036",
              "wikipedia": "ja:山手線"
            }
          }
        ]
      },
      "geometry": {
        "type": "Point",
        "coordinates": [
          139.7156689,
          35.6340624
        ]
      },
      "id": "node/1593326191"
    },
    {
      "type": "Feature",
      "properties": {
        "@id": "node/1593485539",
        "@relations": [
          {
            "role": "stop",
            "rel": 1972920,
            "reltags": {
              "colour": "#B1CB39",
              "distance": "34.5",
              "duration": "60",
              "from": "品川",
              "interval": "4",
              "interval:conditional": "7 @ Mo-Fr 04:30-05:59; 10 @ Sa-Su 04:30-05:59; 5 @ Mo-Fr 06:00-08:09; 3 @ Mo-Fr 08:10-09:50, 16:50-17:50; 8 @ Sa-Su 06:00-08:09; 4 @ Sa-Su 08:10-09:50; 5 @ Mo-Su 21:00-23:00; 8 @ Mo-Su 23:00-00:59",
              "name": "JR山手線",
              "name:de": "JR Yamanote Linie (im Uhrzeigersinn)",
              "name:en": "JR Yamanote Line (Outer)",
              "name:es": "Línea JR Yamanote (Exterior)",
              "name:it": "Linea Yamanote (esterna)",
              "name:ja": "JR山手線 (外回り)",
              "name:ja-Latn": "Sotomawari",
              "name:ko": "JR 야마노테선",
              "name:ru": "Линия JR Яманотэ",
              "name:zh": "JR山手线 (外圈)",
              "network": "東京近郊区間;山手線",
              "network:en": "Tokyo Suburban Area",
              "network:metro": "山手線",
              "note:interval": "See also traffic information: https://gigazine.net/gsc_news/en/20171206-traffic-information-map",
              "opening_hours": "Mo-Su 04:26-01:18",
              "operator": "東日本旅客鉄道",
              "operator:en": "East Japan Railway Company",
              "public_transport:version": "2",
              "ref": "JY",
              "roundtrip": "yes",
              "route": "train",
              "to": "品川",
              "type": "route",
              "wikidata": "Q693036",
              "wikipedia": "ja:山手線"
            }
          }
        ]
      },
      "geometry": {
        "type": "Point",
        "coordinates": [
          139.7015858,
          35.6580215
        ]
      },
      "id": "node/1593485539"
    },
    {
      "type": "Feature",
      "properties": {
        "@id": "node/1658981778",
        "@relations": [
          {
            "role": "stop",
            "rel": 1972920,
            "reltags": {
              "colour": "#B1CB39",
              "distance": "34.5",
              "duration": "60",
              "from": "品川",
              "interval": "4",
              "interval:conditional": "7 @ Mo-Fr 04:30-05:59; 10 @ Sa-Su 04:30-05:59; 5 @ Mo-Fr 06:00-08:09; 3 @ Mo-Fr 08:10-09:50, 16:50-17:50; 8 @ Sa-Su 06:00-08:09; 4 @ Sa-Su 08:10-09:50; 5 @ Mo-Su 21:00-23:00; 8 @ Mo-Su 23:00-00:59",
              "name": "JR山手線",
              "name:de": "JR Yamanote Linie (im Uhrzeigersinn)",
              "name:en": "JR Yamanote Line (Outer)",
              "name:es": "Línea JR Yamanote (Exterior)",
              "name:it": "Linea Yamanote (esterna)",
              "name:ja": "JR山手線 (外回り)",
              "name:ja-Latn": "Sotomawari",
              "name:ko": "JR 야마노테선",
              "name:ru": "Линия JR Яманотэ",
              "name:zh": "JR山手线 (外圈)",
              "network": "東京近郊区間;山手線",
              "network:en": "Tokyo Suburban Area",
              "network:metro": "山手線",
              "note:interval": "See also traffic information: https://gigazine.net/gsc_news/en/20171206-traffic-information-map",
              "opening_hours": "Mo-Su 04:26-01:18",
              "operator": "東日本旅客鉄道",
              "operator:en": "East Japan Railway Company",
              "public_transport:version": "2",
              "ref": "JY",
              "roundtrip": "yes",
              "route": "train",
              "to": "品川",
              "type": "route",
              "wikidata": "Q693036",
              "wikipedia": "ja:山手線"
            }
          }
        ]
      },
      "geometry": {
        "type": "Point",
        "coordinates": [
          139.7019863,
          35.6839356
        ]
      },
      "id": "node/1658981778"
    },
    {
      "type": "Feature",
      "properties": {
        "@id": "node/1822906621",
        "@relations": [
          {
            "role": "stop",
            "rel": 1972960,
            "reltags": {
              "colour": "#B1CB39",
              "distance": "34.5",
              "duration": "60",
              "from": "品川",
              "interval": "4",
              "interval:conditional": "7 @ Mo-Fr 04:30-05:59; 10 @ Sa-Su 04:30-05:59; 5 @ Mo-Fr 06:00-08:09; 3 @ Mo-Fr 08:10-09:50, 16:50-17:50; 8 @ Sa-Su 06:00-08:09; 4 @ Sa-Su 08:10-09:50; 5 @ Mo-Su 21:00-23:00; 8 @ Mo-Su 23:00-00:59",
              "name": "JR山手線",
              "name:de": "JR Yamanote Linie (entgegen dem Uhrzeigersinn)",
              "name:en": "JR Yamanote Line (Inner)",
              "name:es": "Línea JR Yamanote (Interior)",
              "name:it": "Linea Yamanote (interna)",
              "name:ja": "JR山手線 (内回り)",
              "name:ko": "야마노테선",
              "name:ru": "Линия JR Яманотэ",
              "name:zh": "JR山手线 (内圈)",
              "network": "東京近郊区間;山手線",
              "network:en": "Tokyo Suburban Area",
              "network:metro": "山手線",
              "note:interval": "See also traffic information: https://gigazine.net/gsc_news/en/20171206-traffic-information-map",
              "opening_hours": "Mo-Su 04:26-01:18",
              "operator": "東日本旅客鉄道",
              "operator:en": "East Japan Railway Company",
              "operator:ko": "동일본 여객철도 주식회사",
              "public_transport:version": "2",
              "ref": "JY",
              "roundtrip": "yes",
              "route": "train",
              "to": "品川",
              "type": "route",
              "wikidata": "Q693036",
              "wikipedia": "ja:山手線"
            }
          }
        ]
      },
      "geometry": {
        "type": "Point",
        "coordinates": [
          139.7709649,
          35.6917807
        ]
      },
      "id": "node/1822906621"
    },
    {
      "type": "Feature",
      "properties": {
        "@id": "node/1950369530",
        "@relations": [
          {
            "role": "stop",
            "rel": 1972960,
            "reltags": {
              "colour": "#B1CB39",
              "distance": "34.5",
              "duration": "60",
              "from": "品川",
              "interval": "4",
              "interval:conditional": "7 @ Mo-Fr 04:30-05:59; 10 @ Sa-Su 04:30-05:59; 5 @ Mo-Fr 06:00-08:09; 3 @ Mo-Fr 08:10-09:50, 16:50-17:50; 8 @ Sa-Su 06:00-08:09; 4 @ Sa-Su 08:10-09:50; 5 @ Mo-Su 21:00-23:00; 8 @ Mo-Su 23:00-00:59",
              "name": "JR山手線",
              "name:de": "JR Yamanote Linie (entgegen dem Uhrzeigersinn)",
              "name:en": "JR Yamanote Line (Inner)",
              "name:es": "Línea JR Yamanote (Interior)",
              "name:it": "Linea Yamanote (interna)",
              "name:ja": "JR山手線 (内回り)",
              "name:ko": "야마노테선",
              "name:ru": "Линия JR Яманотэ",
              "name:zh": "JR山手线 (内圈)",
              "network": "東京近郊区間;山手線",
              "network:en": "Tokyo Suburban Area",
              "network:metro": "山手線",
              "note:interval": "See also traffic information: https://gigazine.net/gsc_news/en/20171206-traffic-information-map",
              "opening_hours": "Mo-Su 04:26-01:18",
              "operator": "東日本旅客鉄道",
              "operator:en": "East Japan Railway Company",
              "operator:ko": "동일본 여객철도 주식회사",
              "public_transport:version": "2",
              "ref": "JY",
              "roundtrip": "yes",
              "route": "train",
              "to": "品川",
              "type": "route",
              "wikidata": "Q693036",
              "wikipedia": "ja:山手線"
            }
          }
        ]
      },
      "geometry": {
        "type": "Point",
        "coordinates": [
          139.7285847,
          35.7316349
        ]
      },
      "id": "node/1950369530"
    },
    {
      "type": "Feature",
      "properties": {
        "@id": "node/1950369552",
        "@relations": [
          {
            "role": "stop",
            "rel": 1972920,
            "reltags": {
              "colour": "#B1CB39",
              "distance": "34.5",
              "duration": "60",
              "from": "品川",
              "interval": "4",
              "interval:conditional": "7 @ Mo-Fr 04:30-05:59; 10 @ Sa-Su 04:30-05:59; 5 @ Mo-Fr 06:00-08:09; 3 @ Mo-Fr 08:10-09:50, 16:50-17:50; 8 @ Sa-Su 06:00-08:09; 4 @ Sa-Su 08:10-09:50; 5 @ Mo-Su 21:00-23:00; 8 @ Mo-Su 23:00-00:59",
              "name": "JR山手線",
              "name:de": "JR Yamanote Linie (im Uhrzeigersinn)",
              "name:en": "JR Yamanote Line (Outer)",
              "name:es": "Línea JR Yamanote (Exterior)",
              "name:it": "Linea Yamanote (esterna)",
              "name:ja": "JR山手線 (外回り)",
              "name:ja-Latn": "Sotomawari",
              "name:ko": "JR 야마노테선",
              "name:ru": "Линия JR Яманотэ",
              "name:zh": "JR山手线 (外圈)",
              "network": "東京近郊区間;山手線",
              "network:en": "Tokyo Suburban Area",
              "network:metro": "山手線",
              "note:interval": "See also traffic information: https://gigazine.net/gsc_news/en/20171206-traffic-information-map",
              "opening_hours": "Mo-Su 04:26-01:18",
              "operator": "東日本旅客鉄道",
              "operator:en": "East Japan Railway Company",
              "public_transport:version": "2",
              "ref": "JY",
              "roundtrip": "yes",
              "route": "train",
              "to": "品川",
              "type": "route",
              "wikidata": "Q693036",
              "wikipedia": "ja:山手線"
            }
          }
        ]
      },
      "geometry": {
        "type": "Point",
        "coordinates": [
          139.7286102,
          35.7317315
        ]
      },
      "id": "node/1950369552"
    },
    {
      "type": "Feature",
      "properties": {
        "@id": "node/2218777236",
        "@relations": [
          {
            "role": "stop",
            "rel": 1972960,
            "reltags": {
              "colour": "#B1CB39",
              "distance": "34.5",
              "duration": "60",
              "from": "品川",
              "interval": "4",
              "interval:conditional": "7 @ Mo-Fr 04:30-05:59; 10 @ Sa-Su 04:30-05:59; 5 @ Mo-Fr 06:00-08:09; 3 @ Mo-Fr 08:10-09:50, 16:50-17:50; 8 @ Sa-Su 06:00-08:09; 4 @ Sa-Su 08:10-09:50; 5 @ Mo-Su 21:00-23:00; 8 @ Mo-Su 23:00-00:59",
              "name": "JR山手線",
              "name:de": "JR Yamanote Linie (entgegen dem Uhrzeigersinn)",
              "name:en": "JR Yamanote Line (Inner)",
              "name:es": "Línea JR Yamanote (Interior)",
              "name:it": "Linea Yamanote (interna)",
              "name:ja": "JR山手線 (内回り)",
              "name:ko": "야마노테선",
              "name:ru": "Линия JR Яманотэ",
              "name:zh": "JR山手线 (内圈)",
              "network": "東京近郊区間;山手線",
              "network:en": "Tokyo Suburban Area",
              "network:metro": "山手線",
              "note:interval": "See also traffic information: https://gigazine.net/gsc_news/en/20171206-traffic-information-map",
              "opening_hours": "Mo-Su 04:26-01:18",
              "operator": "東日本旅客鉄道",
              "operator:en": "East Japan Railway Company",
              "operator:ko": "동일본 여객철도 주식회사",
              "public_transport:version": "2",
              "ref": "JY",
              "roundtrip": "yes",
              "route": "train",
              "to": "品川",
              "type": "route",
              "wikidata": "Q693036",
              "wikipedia": "ja:山手線"
            }
          }
        ]
      },
      "geometry": {
        "type": "Point",
        "coordinates": [
          139.7101899,
          35.6464346
        ]
      },
      "id": "node/2218777236"
    },
    {
      "type": "Feature",
      "properties": {
        "@id": "node/2218777508",
        "@relations": [
          {
            "role": "stop",
            "rel": 1972920,
            "reltags": {
              "colour": "#B1CB39",
              "distance": "34.5",
              "duration": "60",
              "from": "品川",
              "interval": "4",
              "interval:conditional": "7 @ Mo-Fr 04:30-05:59; 10 @ Sa-Su 04:30-05:59; 5 @ Mo-Fr 06:00-08:09; 3 @ Mo-Fr 08:10-09:50, 16:50-17:50; 8 @ Sa-Su 06:00-08:09; 4 @ Sa-Su 08:10-09:50; 5 @ Mo-Su 21:00-23:00; 8 @ Mo-Su 23:00-00:59",
              "name": "JR山手線",
              "name:de": "JR Yamanote Linie (im Uhrzeigersinn)",
              "name:en": "JR Yamanote Line (Outer)",
              "name:es": "Línea JR Yamanote (Exterior)",
              "name:it": "Linea Yamanote (esterna)",
              "name:ja": "JR山手線 (外回り)",
              "name:ja-Latn": "Sotomawari",
              "name:ko": "JR 야마노테선",
              "name:ru": "Линия JR Яманотэ",
              "name:zh": "JR山手线 (外圈)",
              "network": "東京近郊区間;山手線",
              "network:en": "Tokyo Suburban Area",
              "network:metro": "山手線",
              "note:interval": "See also traffic information: https://gigazine.net/gsc_news/en/20171206-traffic-information-map",
              "opening_hours": "Mo-Su 04:26-01:18",
              "operator": "東日本旅客鉄道",
              "operator:en": "East Japan Railway Company",
              "public_transport:version": "2",
              "ref": "JY",
              "roundtrip": "yes",
              "route": "train",
              "to": "品川",
              "type": "route",
              "wikidata": "Q693036",
              "wikipedia": "ja:山手線"
            }
          }
        ]
      },
      "geometry": {
        "type": "Point",
        "coordinates": [
          139.7101042,
          35.6464034
        ]
      },
      "id": "node/2218777508"
    },
    {
      "type": "Feature",
      "properties": {
        "@id": "node/3558156195",
        "@relations": [
          {
            "role": "stop",
            "rel": 1972960,
            "reltags": {
              "colour": "#B1CB39",
              "distance": "34.5",
              "duration": "60",
              "from": "品川",
              "interval": "4",
              "interval:conditional": "7 @ Mo-Fr 04:30-05:59; 10 @ Sa-Su 04:30-05:59; 5 @ Mo-Fr 06:00-08:09; 3 @ Mo-Fr 08:10-09:50, 16:50-17:50; 8 @ Sa-Su 06:00-08:09; 4 @ Sa-Su 08:10-09:50; 5 @ Mo-Su 21:00-23:00; 8 @ Mo-Su 23:00-00:59",
              "name": "JR山手線",
              "name:de": "JR Yamanote Linie (entgegen dem Uhrzeigersinn)",
              "name:en": "JR Yamanote Line (Inner)",
              "name:es": "Línea JR Yamanote (Interior)",
              "name:it": "Linea Yamanote (interna)",
              "name:ja": "JR山手線 (内回り)",
              "name:ko": "야마노테선",
              "name:ru": "Линия JR Яманотэ",
              "name:zh": "JR山手线 (内圈)",
              "network": "東京近郊区間;山手線",
              "network:en": "Tokyo Suburban Area",
              "network:metro": "山手線",
              "note:interval": "See also traffic information: https://gigazine.net/gsc_news/en/20171206-traffic-information-map",
              "opening_hours": "Mo-Su 04:26-01:18",
              "operator": "東日本旅客鉄道",
              "operator:en": "East Japan Railway Company",
              "operator:ko": "동일본 여객철도 주식회사",
              "public_transport:version": "2",
              "ref": "JY",
              "roundtrip": "yes",
              "route": "train",
              "to": "品川",
              "type": "route",
              "wikidata": "Q693036",
              "wikipedia": "ja:山手線"
            }
          }
        ]
      },
      "geometry": {
        "type": "Point",
        "coordinates": [
          139.7109865,
          35.7302436
        ]
      },
      "id": "node/3558156195"
    },
    {
      "type": "Feature",
      "properties": {
        "@id": "node/3558156196",
        "@relations": [
          {
            "role": "stop",
            "rel": 1972920,
            "reltags": {
              "colour": "#B1CB39",
              "distance": "34.5",
              "duration": "60",
              "from": "品川",
              "interval": "4",
              "interval:conditional": "7 @ Mo-Fr 04:30-05:59; 10 @ Sa-Su 04:30-05:59; 5 @ Mo-Fr 06:00-08:09; 3 @ Mo-Fr 08:10-09:50, 16:50-17:50; 8 @ Sa-Su 06:00-08:09; 4 @ Sa-Su 08:10-09:50; 5 @ Mo-Su 21:00-23:00; 8 @ Mo-Su 23:00-00:59",
              "name": "JR山手線",
              "name:de": "JR Yamanote Linie (im Uhrzeigersinn)",
              "name:en": "JR Yamanote Line (Outer)",
              "name:es": "Línea JR Yamanote (Exterior)",
              "name:it": "Linea Yamanote (esterna)",
              "name:ja": "JR山手線 (外回り)",
              "name:ja-Latn": "Sotomawari",
              "name:ko": "JR 야마노테선",
              "name:ru": "Линия JR Яманотэ",
              "name:zh": "JR山手线 (外圈)",
              "network": "東京近郊区間;山手線",
              "network:en": "Tokyo Suburban Area",
              "network:metro": "山手線",
              "note:interval": "See also traffic information: https://gigazine.net/gsc_news/en/20171206-traffic-information-map",
              "opening_hours": "Mo-Su 04:26-01:18",
              "operator": "東日本旅客鉄道",
              "operator:en": "East Japan Railway Company",
              "public_transport:version": "2",
              "ref": "JY",
              "roundtrip": "yes",
              "route": "train",
              "to": "品川",
              "type": "route",
              "wikidata": "Q693036",
              "wikipedia": "ja:山手線"
            }
          }
        ]
      },
      "geometry": {
        "type": "Point",
        "coordinates": [
          139.710949,
          35.730257
        ]
      },
      "id": "node/3558156196"
    },
    {
      "type": "Feature",
      "properties": {
        "@id": "node/3558156199",
        "@relations": [
          {
            "role": "stop",
            "rel": 1972960,
            "reltags": {
              "colour": "#B1CB39",
              "distance": "34.5",
              "duration": "60",
              "from": "品川",
              "interval": "4",
              "interval:conditional": "7 @ Mo-Fr 04:30-05:59; 10 @ Sa-Su 04:30-05:59; 5 @ Mo-Fr 06:00-08:09; 3 @ Mo-Fr 08:10-09:50, 16:50-17:50; 8 @ Sa-Su 06:00-08:09; 4 @ Sa-Su 08:10-09:50; 5 @ Mo-Su 21:00-23:00; 8 @ Mo-Su 23:00-00:59",
              "name": "JR山手線",
              "name:de": "JR Yamanote Linie (entgegen dem Uhrzeigersinn)",
              "name:en": "JR Yamanote Line (Inner)",
              "name:es": "Línea JR Yamanote (Interior)",
              "name:it": "Linea Yamanote (interna)",
              "name:ja": "JR山手線 (内回り)",
              "name:ko": "야마노테선",
              "name:ru": "Линия JR Яманотэ",
              "name:zh": "JR山手线 (内圈)",
              "network": "東京近郊区間;山手線",
              "network:en": "Tokyo Suburban Area",
              "network:metro": "山手線",
              "note:interval": "See also traffic information: https://gigazine.net/gsc_news/en/20171206-traffic-information-map",
              "opening_hours": "Mo-Su 04:26-01:18",
              "operator": "東日本旅客鉄道",
              "operator:en": "East Japan Railway Company",
              "operator:ko": "동일본 여객철도 주식회사",
              "public_transport:version": "2",
              "ref": "JY",
              "roundtrip": "yes",
              "route": "train",
              "to": "品川",
              "type": "route",
              "wikidata": "Q693036",
              "wikipedia": "ja:山手線"
            }
          }
        ]
      },
      "geometry": {
        "type": "Point",
        "coordinates": [
          139.7017508,
          35.6580748
        ]
      },
      "id": "node/3558156199"
    },
    {
      "type": "Feature",
      "properties": {
        "@id": "node/3558156201",
        "@relations": [
          {
            "role": "stop",
            "rel": 1972920,
            "reltags": {
              "colour": "#B1CB39",
              "distance": "34.5",
              "duration": "60",
              "from": "品川",
              "interval": "4",
              "interval:conditional": "7 @ Mo-Fr 04:30-05:59; 10 @ Sa-Su 04:30-05:59; 5 @ Mo-Fr 06:00-08:09; 3 @ Mo-Fr 08:10-09:50, 16:50-17:50; 8 @ Sa-Su 06:00-08:09; 4 @ Sa-Su 08:10-09:50; 5 @ Mo-Su 21:00-23:00; 8 @ Mo-Su 23:00-00:59",
              "name": "JR山手線",
              "name:de": "JR Yamanote Linie (im Uhrzeigersinn)",
              "name:en": "JR Yamanote Line (Outer)",
              "name:es": "Línea JR Yamanote (Exterior)",
              "name:it": "Linea Yamanote (esterna)",
              "name:ja": "JR山手線 (外回り)",
              "name:ja-Latn": "Sotomawari",
              "name:ko": "JR 야마노테선",
              "name:ru": "Линия JR Яманотэ",
              "name:zh": "JR山手线 (外圈)",
              "network": "東京近郊区間;山手線",
              "network:en": "Tokyo Suburban Area",
              "network:metro": "山手線",
              "note:interval": "See also traffic information: https://gigazine.net/gsc_news/en/20171206-traffic-information-map",
              "opening_hours": "Mo-Su 04:26-01:18",
              "operator": "東日本旅客鉄道",
              "operator:en": "East Japan Railway Company",
              "public_transport:version": "2",
              "ref": "JY",
              "roundtrip": "yes",
              "route": "train",
              "to": "品川",
              "type": "route",
              "wikidata": "Q693036",
              "wikipedia": "ja:山手線"
            }
          }
        ]
      },
      "geometry": {
        "type": "Point",
        "coordinates": [
          139.7002855,
          35.6889594
        ]
      },
      "id": "node/3558156201"
    },
    {
      "type": "Feature",
      "properties": {
        "@id": "node/3558156202",
        "@relations": [
          {
            "role": "stop",
            "rel": 1972960,
            "reltags": {
              "colour": "#B1CB39",
              "distance": "34.5",
              "duration": "60",
              "from": "品川",
              "interval": "4",
              "interval:conditional": "7 @ Mo-Fr 04:30-05:59; 10 @ Sa-Su 04:30-05:59; 5 @ Mo-Fr 06:00-08:09; 3 @ Mo-Fr 08:10-09:50, 16:50-17:50; 8 @ Sa-Su 06:00-08:09; 4 @ Sa-Su 08:10-09:50; 5 @ Mo-Su 21:00-23:00; 8 @ Mo-Su 23:00-00:59",
              "name": "JR山手線",
              "name:de": "JR Yamanote Linie (entgegen dem Uhrzeigersinn)",
              "name:en": "JR Yamanote Line (Inner)",
              "name:es": "Línea JR Yamanote (Interior)",
              "name:it": "Linea Yamanote (interna)",
              "name:ja": "JR山手線 (内回り)",
              "name:ko": "야마노테선",
              "name:ru": "Линия JR Яманотэ",
              "name:zh": "JR山手线 (内圈)",
              "network": "東京近郊区間;山手線",
              "network:en": "Tokyo Suburban Area",
              "network:metro": "山手線",
              "note:interval": "See also traffic information: https://gigazine.net/gsc_news/en/20171206-traffic-information-map",
              "opening_hours": "Mo-Su 04:26-01:18",
              "operator": "東日本旅客鉄道",
              "operator:en": "East Japan Railway Company",
              "operator:ko": "동일본 여객철도 주식회사",
              "public_transport:version": "2",
              "ref": "JY",
              "roundtrip": "yes",
              "route": "train",
              "to": "品川",
              "type": "route",
              "wikidata": "Q693036",
              "wikipedia": "ja:山手線"
            }
          }
        ]
      },
      "geometry": {
        "type": "Point",
        "coordinates": [
          139.7003309,
          35.688969
        ]
      },
      "id": "node/3558156202"
    },
    {
      "type": "Feature",
      "properties": {
        "@id": "node/3589537622",
        "@relations": [
          {
            "role": "stop",
            "rel": 1972960,
            "reltags": {
              "colour": "#B1CB39",
              "distance": "34.5",
              "duration": "60",
              "from": "品川",
              "interval": "4",
              "interval:conditional": "7 @ Mo-Fr 04:30-05:59; 10 @ Sa-Su 04:30-05:59; 5 @ Mo-Fr 06:00-08:09; 3 @ Mo-Fr 08:10-09:50, 16:50-17:50; 8 @ Sa-Su 06:00-08:09; 4 @ Sa-Su 08:10-09:50; 5 @ Mo-Su 21:00-23:00; 8 @ Mo-Su 23:00-00:59",
              "name": "JR山手線",
              "name:de": "JR Yamanote Linie (entgegen dem Uhrzeigersinn)",
              "name:en": "JR Yamanote Line (Inner)",
              "name:es": "Línea JR Yamanote (Interior)",
              "name:it": "Linea Yamanote (interna)",
              "name:ja": "JR山手線 (内回り)",
              "name:ko": "야마노테선",
              "name:ru": "Линия JR Яманотэ",
              "name:zh": "JR山手线 (内圈)",
              "network": "東京近郊区間;山手線",
              "network:en": "Tokyo Suburban Area",
              "network:metro": "山手線",
              "note:interval": "See also traffic information: https://gigazine.net/gsc_news/en/20171206-traffic-information-map",
              "opening_hours": "Mo-Su 04:26-01:18",
              "operator": "東日本旅客鉄道",
              "operator:en": "East Japan Railway Company",
              "operator:ko": "동일본 여객철도 주식회사",
              "public_transport:version": "2",
              "ref": "JY",
              "roundtrip": "yes",
              "route": "train",
              "to": "品川",
              "type": "route",
              "wikidata": "Q693036",
              "wikipedia": "ja:山手線"
            }
          },
          {
            "role": "stop",
            "rel": 1972960,
            "reltags": {
              "colour": "#B1CB39",
              "distance": "34.5",
              "duration": "60",
              "from": "品川",
              "interval": "4",
              "interval:conditional": "7 @ Mo-Fr 04:30-05:59; 10 @ Sa-Su 04:30-05:59; 5 @ Mo-Fr 06:00-08:09; 3 @ Mo-Fr 08:10-09:50, 16:50-17:50; 8 @ Sa-Su 06:00-08:09; 4 @ Sa-Su 08:10-09:50; 5 @ Mo-Su 21:00-23:00; 8 @ Mo-Su 23:00-00:59",
              "name": "JR山手線",
              "name:de": "JR Yamanote Linie (entgegen dem Uhrzeigersinn)",
              "name:en": "JR Yamanote Line (Inner)",
              "name:es": "Línea JR Yamanote (Interior)",
              "name:it": "Linea Yamanote (interna)",
              "name:ja": "JR山手線 (内回り)",
              "name:ko": "야마노테선",
              "name:ru": "Линия JR Яманотэ",
              "name:zh": "JR山手线 (内圈)",
              "network": "東京近郊区間;山手線",
              "network:en": "Tokyo Suburban Area",
              "network:metro": "山手線",
              "note:interval": "See also traffic information: https://gigazine.net/gsc_news/en/20171206-traffic-information-map",
              "opening_hours": "Mo-Su 04:26-01:18",
              "operator": "東日本旅客鉄道",
              "operator:en": "East Japan Railway Company",
              "operator:ko": "동일본 여객철도 주식회사",
              "public_transport:version": "2",
              "ref": "JY",
              "roundtrip": "yes",
              "route": "train",
              "to": "品川",
              "type": "route",
              "wikidata": "Q693036",
              "wikipedia": "ja:山手線"
            }
          }
        ]
      },
      "geometry": {
        "type": "Point",
        "coordinates": [
          139.7383525,
          35.6286505
        ]
      },
      "id": "node/3589537622"
    },
    {
      "type": "Feature",
      "properties": {
        "@id": "node/3589537624",
        "@relations": [
          {
            "role": "stop",
            "rel": 1972920,
            "reltags": {
              "colour": "#B1CB39",
              "distance": "34.5",
              "duration": "60",
              "from": "品川",
              "interval": "4",
              "interval:conditional": "7 @ Mo-Fr 04:30-05:59; 10 @ Sa-Su 04:30-05:59; 5 @ Mo-Fr 06:00-08:09; 3 @ Mo-Fr 08:10-09:50, 16:50-17:50; 8 @ Sa-Su 06:00-08:09; 4 @ Sa-Su 08:10-09:50; 5 @ Mo-Su 21:00-23:00; 8 @ Mo-Su 23:00-00:59",
              "name": "JR山手線",
              "name:de": "JR Yamanote Linie (im Uhrzeigersinn)",
              "name:en": "JR Yamanote Line (Outer)",
              "name:es": "Línea JR Yamanote (Exterior)",
              "name:it": "Linea Yamanote (esterna)",
              "name:ja": "JR山手線 (外回り)",
              "name:ja-Latn": "Sotomawari",
              "name:ko": "JR 야마노테선",
              "name:ru": "Линия JR Яманотэ",
              "name:zh": "JR山手线 (外圈)",
              "network": "東京近郊区間;山手線",
              "network:en": "Tokyo Suburban Area",
              "network:metro": "山手線",
              "note:interval": "See also traffic information: https://gigazine.net/gsc_news/en/20171206-traffic-information-map",
              "opening_hours": "Mo-Su 04:26-01:18",
              "operator": "東日本旅客鉄道",
              "operator:en": "East Japan Railway Company",
              "public_transport:version": "2",
              "ref": "JY",
              "roundtrip": "yes",
              "route": "train",
              "to": "品川",
              "type": "route",
              "wikidata": "Q693036",
              "wikipedia": "ja:山手線"
            }
          },
          {
            "role": "stop",
            "rel": 1972920,
            "reltags": {
              "colour": "#B1CB39",
              "distance": "34.5",
              "duration": "60",
              "from": "品川",
              "interval": "4",
              "interval:conditional": "7 @ Mo-Fr 04:30-05:59; 10 @ Sa-Su 04:30-05:59; 5 @ Mo-Fr 06:00-08:09; 3 @ Mo-Fr 08:10-09:50, 16:50-17:50; 8 @ Sa-Su 06:00-08:09; 4 @ Sa-Su 08:10-09:50; 5 @ Mo-Su 21:00-23:00; 8 @ Mo-Su 23:00-00:59",
              "name": "JR山手線",
              "name:de": "JR Yamanote Linie (im Uhrzeigersinn)",
              "name:en": "JR Yamanote Line (Outer)",
              "name:es": "Línea JR Yamanote (Exterior)",
              "name:it": "Linea Yamanote (esterna)",
              "name:ja": "JR山手線 (外回り)",
              "name:ja-Latn": "Sotomawari",
              "name:ko": "JR 야마노테선",
              "name:ru": "Линия JR Яманотэ",
              "name:zh": "JR山手线 (外圈)",
              "network": "東京近郊区間;山手線",
              "network:en": "Tokyo Suburban Area",
              "network:metro": "山手線",
              "note:interval": "See also traffic information: https://gigazine.net/gsc_news/en/20171206-traffic-information-map",
              "opening_hours": "Mo-Su 04:26-01:18",
              "operator": "東日本旅客鉄道",
              "operator:en": "East Japan Railway Company",
              "public_transport:version": "2",
              "ref": "JY",
              "roundtrip": "yes",
              "route": "train",
              "to": "品川",
              "type": "route",
              "wikidata": "Q693036",
              "wikipedia": "ja:山手線"
            }
          }
        ]
      },
      "geometry": {
        "type": "Point",
        "coordinates": [
          139.7385067,
          35.628654
        ]
      },
      "id": "node/3589537624"
    },
    {
      "type": "Feature",
      "properties": {
        "@id": "node/3589537652",
        "@relations": [
          {
            "role": "stop",
            "rel": 1972920,
            "reltags": {
              "colour": "#B1CB39",
              "distance": "34.5",
              "duration": "60",
              "from": "品川",
              "interval": "4",
              "interval:conditional": "7 @ Mo-Fr 04:30-05:59; 10 @ Sa-Su 04:30-05:59; 5 @ Mo-Fr 06:00-08:09; 3 @ Mo-Fr 08:10-09:50, 16:50-17:50; 8 @ Sa-Su 06:00-08:09; 4 @ Sa-Su 08:10-09:50; 5 @ Mo-Su 21:00-23:00; 8 @ Mo-Su 23:00-00:59",
              "name": "JR山手線",
              "name:de": "JR Yamanote Linie (im Uhrzeigersinn)",
              "name:en": "JR Yamanote Line (Outer)",
              "name:es": "Línea JR Yamanote (Exterior)",
              "name:it": "Linea Yamanote (esterna)",
              "name:ja": "JR山手線 (外回り)",
              "name:ja-Latn": "Sotomawari",
              "name:ko": "JR 야마노테선",
              "name:ru": "Линия JR Яманотэ",
              "name:zh": "JR山手线 (外圈)",
              "network": "東京近郊区間;山手線",
              "network:en": "Tokyo Suburban Area",
              "network:metro": "山手線",
              "note:interval": "See also traffic information: https://gigazine.net/gsc_news/en/20171206-traffic-information-map",
              "opening_hours": "Mo-Su 04:26-01:18",
              "operator": "東日本旅客鉄道",
              "operator:en": "East Japan Railway Company",
              "public_transport:version": "2",
              "ref": "JY",
              "roundtrip": "yes",
              "route": "train",
              "to": "品川",
              "type": "route",
              "wikidata": "Q693036",
              "wikipedia": "ja:山手線"
            }
          }
        ]
      },
      "geometry": {
        "type": "Point",
        "coordinates": [
          139.7666095,
          35.681244
        ]
      },
      "id": "node/3589537652"
    },
    {
      "type": "Feature",
      "properties": {
        "@id": "node/3589537653",
        "@relations": [
          {
            "role": "stop",
            "rel": 1972960,
            "reltags": {
              "colour": "#B1CB39",
              "distance": "34.5",
              "duration": "60",
              "from": "品川",
              "interval": "4",
              "interval:conditional": "7 @ Mo-Fr 04:30-05:59; 10 @ Sa-Su 04:30-05:59; 5 @ Mo-Fr 06:00-08:09; 3 @ Mo-Fr 08:10-09:50, 16:50-17:50; 8 @ Sa-Su 06:00-08:09; 4 @ Sa-Su 08:10-09:50; 5 @ Mo-Su 21:00-23:00; 8 @ Mo-Su 23:00-00:59",
              "name": "JR山手線",
              "name:de": "JR Yamanote Linie (entgegen dem Uhrzeigersinn)",
              "name:en": "JR Yamanote Line (Inner)",
              "name:es": "Línea JR Yamanote (Interior)",
              "name:it": "Linea Yamanote (interna)",
              "name:ja": "JR山手線 (内回り)",
              "name:ko": "야마노테선",
              "name:ru": "Линия JR Яманотэ",
              "name:zh": "JR山手线 (内圈)",
              "network": "東京近郊区間;山手線",
              "network:en": "Tokyo Suburban Area",
              "network:metro": "山手線",
              "note:interval": "See also traffic information: https://gigazine.net/gsc_news/en/20171206-traffic-information-map",
              "opening_hours": "Mo-Su 04:26-01:18",
              "operator": "東日本旅客鉄道",
              "operator:en": "East Japan Railway Company",
              "operator:ko": "동일본 여객철도 주식회사",
              "public_transport:version": "2",
              "ref": "JY",
              "roundtrip": "yes",
              "route": "train",
              "to": "品川",
              "type": "route",
              "wikidata": "Q693036",
              "wikipedia": "ja:山手線"
            }
          }
        ]
      },
      "geometry": {
        "type": "Point",
        "coordinates": [
          139.7665625,
          35.6812564
        ]
      },
      "id": "node/3589537653"
    },
    {
      "type": "Feature",
      "properties": {
        "@id": "node/3708276247",
        "@relations": [
          {
            "role": "stop",
            "rel": 1972960,
            "reltags": {
              "colour": "#B1CB39",
              "distance": "34.5",
              "duration": "60",
              "from": "品川",
              "interval": "4",
              "interval:conditional": "7 @ Mo-Fr 04:30-05:59; 10 @ Sa-Su 04:30-05:59; 5 @ Mo-Fr 06:00-08:09; 3 @ Mo-Fr 08:10-09:50, 16:50-17:50; 8 @ Sa-Su 06:00-08:09; 4 @ Sa-Su 08:10-09:50; 5 @ Mo-Su 21:00-23:00; 8 @ Mo-Su 23:00-00:59",
              "name": "JR山手線",
              "name:de": "JR Yamanote Linie (entgegen dem Uhrzeigersinn)",
              "name:en": "JR Yamanote Line (Inner)",
              "name:es": "Línea JR Yamanote (Interior)",
              "name:it": "Linea Yamanote (interna)",
              "name:ja": "JR山手線 (内回り)",
              "name:ko": "야마노테선",
              "name:ru": "Линия JR Яманотэ",
              "name:zh": "JR山手线 (内圈)",
              "network": "東京近郊区間;山手線",
              "network:en": "Tokyo Suburban Area",
              "network:metro": "山手線",
              "note:interval": "See also traffic information: https://gigazine.net/gsc_news/en/20171206-traffic-information-map",
              "opening_hours": "Mo-Su 04:26-01:18",
              "operator": "東日本旅客鉄道",
              "operator:en": "East Japan Railway Company",
              "operator:ko": "동일본 여객철도 주식회사",
              "public_transport:version": "2",
              "ref": "JY",
              "roundtrip": "yes",
              "route": "train",
              "to": "品川",
              "type": "route",
              "wikidata": "Q693036",
              "wikipedia": "ja:山手線"
            }
          }
        ]
      },
      "geometry": {
        "type": "Point",
        "coordinates": [
          139.7472559,
          35.7365575
        ]
      },
      "id": "node/3708276247"
    },
    {
      "type": "Feature",
      "properties": {
        "@id": "node/3708276248",
        "@relations": [
          {
            "role": "stop",
            "rel": 1972920,
            "reltags": {
              "colour": "#B1CB39",
              "distance": "34.5",
              "duration": "60",
              "from": "品川",
              "interval": "4",
              "interval:conditional": "7 @ Mo-Fr 04:30-05:59; 10 @ Sa-Su 04:30-05:59; 5 @ Mo-Fr 06:00-08:09; 3 @ Mo-Fr 08:10-09:50, 16:50-17:50; 8 @ Sa-Su 06:00-08:09; 4 @ Sa-Su 08:10-09:50; 5 @ Mo-Su 21:00-23:00; 8 @ Mo-Su 23:00-00:59",
              "name": "JR山手線",
              "name:de": "JR Yamanote Linie (im Uhrzeigersinn)",
              "name:en": "JR Yamanote Line (Outer)",
              "name:es": "Línea JR Yamanote (Exterior)",
              "name:it": "Linea Yamanote (esterna)",
              "name:ja": "JR山手線 (外回り)",
              "name:ja-Latn": "Sotomawari",
              "name:ko": "JR 야마노테선",
              "name:ru": "Линия JR Яманотэ",
              "name:zh": "JR山手线 (外圈)",
              "network": "東京近郊区間;山手線",
              "network:en": "Tokyo Suburban Area",
              "network:metro": "山手線",
              "note:interval": "See also traffic information: https://gigazine.net/gsc_news/en/20171206-traffic-information-map",
              "opening_hours": "Mo-Su 04:26-01:18",
              "operator": "東日本旅客鉄道",
              "operator:en": "East Japan Railway Company",
              "public_transport:version": "2",
              "ref": "JY",
              "roundtrip": "yes",
              "route": "train",
              "to": "品川",
              "type": "route",
              "wikidata": "Q693036",
              "wikipedia": "ja:山手線"
            }
          }
        ]
      },
      "geometry": {
        "type": "Point",
        "coordinates": [
          139.747219,
          35.7366191
        ]
      },
      "id": "node/3708276248"
    },
    {
      "type": "Feature",
      "properties": {
        "@id": "node/3708276252",
        "@relations": [
          {
            "role": "stop",
            "rel": 1972960,
            "reltags": {
              "colour": "#B1CB39",
              "distance": "34.5",
              "duration": "60",
              "from": "品川",
              "interval": "4",
              "interval:conditional": "7 @ Mo-Fr 04:30-05:59; 10 @ Sa-Su 04:30-05:59; 5 @ Mo-Fr 06:00-08:09; 3 @ Mo-Fr 08:10-09:50, 16:50-17:50; 8 @ Sa-Su 06:00-08:09; 4 @ Sa-Su 08:10-09:50; 5 @ Mo-Su 21:00-23:00; 8 @ Mo-Su 23:00-00:59",
              "name": "JR山手線",
              "name:de": "JR Yamanote Linie (entgegen dem Uhrzeigersinn)",
              "name:en": "JR Yamanote Line (Inner)",
              "name:es": "Línea JR Yamanote (Interior)",
              "name:it": "Linea Yamanote (interna)",
              "name:ja": "JR山手線 (内回り)",
              "name:ko": "야마노테선",
              "name:ru": "Линия JR Яманотэ",
              "name:zh": "JR山手线 (内圈)",
              "network": "東京近郊区間;山手線",
              "network:en": "Tokyo Suburban Area",
              "network:metro": "山手線",
              "note:interval": "See also traffic information: https://gigazine.net/gsc_news/en/20171206-traffic-information-map",
              "opening_hours": "Mo-Su 04:26-01:18",
              "operator": "東日本旅客鉄道",
              "operator:en": "East Japan Railway Company",
              "operator:ko": "동일본 여객철도 주식회사",
              "public_transport:version": "2",
              "ref": "JY",
              "roundtrip": "yes",
              "route": "train",
              "to": "品川",
              "type": "route",
              "wikidata": "Q693036",
              "wikipedia": "ja:山手線"
            }
          }
        ]
      },
      "geometry": {
        "type": "Point",
        "coordinates": [
          139.7065164,
          35.7211785
        ]
      },
      "id": "node/3708276252"
    },
    {
      "type": "Feature",
      "properties": {
        "@id": "node/3708276253",
        "@relations": [
          {
            "role": "stop",
            "rel": 1972920,
            "reltags": {
              "colour": "#B1CB39",
              "distance": "34.5",
              "duration": "60",
              "from": "品川",
              "interval": "4",
              "interval:conditional": "7 @ Mo-Fr 04:30-05:59; 10 @ Sa-Su 04:30-05:59; 5 @ Mo-Fr 06:00-08:09; 3 @ Mo-Fr 08:10-09:50, 16:50-17:50; 8 @ Sa-Su 06:00-08:09; 4 @ Sa-Su 08:10-09:50; 5 @ Mo-Su 21:00-23:00; 8 @ Mo-Su 23:00-00:59",
              "name": "JR山手線",
              "name:de": "JR Yamanote Linie (im Uhrzeigersinn)",
              "name:en": "JR Yamanote Line (Outer)",
              "name:es": "Línea JR Yamanote (Exterior)",
              "name:it": "Linea Yamanote (esterna)",
              "name:ja": "JR山手線 (外回り)",
              "name:ja-Latn": "Sotomawari",
              "name:ko": "JR 야마노테선",
              "name:ru": "Линия JR Яманотэ",
              "name:zh": "JR山手线 (外圈)",
              "network": "東京近郊区間;山手線",
              "network:en": "Tokyo Suburban Area",
              "network:metro": "山手線",
              "note:interval": "See also traffic information: https://gigazine.net/gsc_news/en/20171206-traffic-information-map",
              "opening_hours": "Mo-Su 04:26-01:18",
              "operator": "東日本旅客鉄道",
              "operator:en": "East Japan Railway Company",
              "public_transport:version": "2",
              "ref": "JY",
              "roundtrip": "yes",
              "route": "train",
              "to": "品川",
              "type": "route",
              "wikidata": "Q693036",
              "wikipedia": "ja:山手線"
            }
          }
        ]
      },
      "geometry": {
        "type": "Point",
        "coordinates": [
          139.7064126,
          35.7212053
        ]
      },
      "id": "node/3708276253"
    },
    {
      "type": "Feature",
      "properties": {
        "@id": "node/3708276261",
        "@relations": [
          {
            "role": "stop",
            "rel": 1972960,
            "reltags": {
              "colour": "#B1CB39",
              "distance": "34.5",
              "duration": "60",
              "from": "品川",
              "interval": "4",
              "interval:conditional": "7 @ Mo-Fr 04:30-05:59; 10 @ Sa-Su 04:30-05:59; 5 @ Mo-Fr 06:00-08:09; 3 @ Mo-Fr 08:10-09:50, 16:50-17:50; 8 @ Sa-Su 06:00-08:09; 4 @ Sa-Su 08:10-09:50; 5 @ Mo-Su 21:00-23:00; 8 @ Mo-Su 23:00-00:59",
              "name": "JR山手線",
              "name:de": "JR Yamanote Linie (entgegen dem Uhrzeigersinn)",
              "name:en": "JR Yamanote Line (Inner)",
              "name:es": "Línea JR Yamanote (Interior)",
              "name:it": "Linea Yamanote (interna)",
              "name:ja": "JR山手線 (内回り)",
              "name:ko": "야마노테선",
              "name:ru": "Линия JR Яманотэ",
              "name:zh": "JR山手线 (内圈)",
              "network": "東京近郊区間;山手線",
              "network:en": "Tokyo Suburban Area",
              "network:metro": "山手線",
              "note:interval": "See also traffic information: https://gigazine.net/gsc_news/en/20171206-traffic-information-map",
              "opening_hours": "Mo-Su 04:26-01:18",
              "operator": "東日本旅客鉄道",
              "operator:en": "East Japan Railway Company",
              "operator:ko": "동일본 여객철도 주식회사",
              "public_transport:version": "2",
              "ref": "JY",
              "roundtrip": "yes",
              "route": "train",
              "to": "品川",
              "type": "route",
              "wikidata": "Q693036",
              "wikipedia": "ja:山手線"
            }
          }
        ]
      },
      "geometry": {
        "type": "Point",
        "coordinates": [
          139.7704038,
          35.7279696
        ]
      },
      "id": "node/3708276261"
    },
    {
      "type": "Feature",
      "properties": {
        "@id": "node/3708276971",
        "@relations": [
          {
            "role": "stop",
            "rel": 1972920,
            "reltags": {
              "colour": "#B1CB39",
              "distance": "34.5",
              "duration": "60",
              "from": "品川",
              "interval": "4",
              "interval:conditional": "7 @ Mo-Fr 04:30-05:59; 10 @ Sa-Su 04:30-05:59; 5 @ Mo-Fr 06:00-08:09; 3 @ Mo-Fr 08:10-09:50, 16:50-17:50; 8 @ Sa-Su 06:00-08:09; 4 @ Sa-Su 08:10-09:50; 5 @ Mo-Su 21:00-23:00; 8 @ Mo-Su 23:00-00:59",
              "name": "JR山手線",
              "name:de": "JR Yamanote Linie (im Uhrzeigersinn)",
              "name:en": "JR Yamanote Line (Outer)",
              "name:es": "Línea JR Yamanote (Exterior)",
              "name:it": "Linea Yamanote (esterna)",
              "name:ja": "JR山手線 (外回り)",
              "name:ja-Latn": "Sotomawari",
              "name:ko": "JR 야마노테선",
              "name:ru": "Линия JR Яманотэ",
              "name:zh": "JR山手线 (外圈)",
              "network": "東京近郊区間;山手線",
              "network:en": "Tokyo Suburban Area",
              "network:metro": "山手線",
              "note:interval": "See also traffic information: https://gigazine.net/gsc_news/en/20171206-traffic-information-map",
              "opening_hours": "Mo-Su 04:26-01:18",
              "operator": "東日本旅客鉄道",
              "operator:en": "East Japan Railway Company",
              "public_transport:version": "2",
              "ref": "JY",
              "roundtrip": "yes",
              "route": "train",
              "to": "品川",
              "type": "route",
              "wikidata": "Q693036",
              "wikipedia": "ja:山手線"
            }
          }
        ]
      },
      "geometry": {
        "type": "Point",
        "coordinates": [
          139.7730592,
          35.6983647
        ]
      },
      "id": "node/3708276971"
    },
    {
      "type": "Feature",
      "properties": {
        "@id": "node/3708276972",
        "@relations": [
          {
            "role": "stop",
            "rel": 1972960,
            "reltags": {
              "colour": "#B1CB39",
              "distance": "34.5",
              "duration": "60",
              "from": "品川",
              "interval": "4",
              "interval:conditional": "7 @ Mo-Fr 04:30-05:59; 10 @ Sa-Su 04:30-05:59; 5 @ Mo-Fr 06:00-08:09; 3 @ Mo-Fr 08:10-09:50, 16:50-17:50; 8 @ Sa-Su 06:00-08:09; 4 @ Sa-Su 08:10-09:50; 5 @ Mo-Su 21:00-23:00; 8 @ Mo-Su 23:00-00:59",
              "name": "JR山手線",
              "name:de": "JR Yamanote Linie (entgegen dem Uhrzeigersinn)",
              "name:en": "JR Yamanote Line (Inner)",
              "name:es": "Línea JR Yamanote (Interior)",
              "name:it": "Linea Yamanote (interna)",
              "name:ja": "JR山手線 (内回り)",
              "name:ko": "야마노테선",
              "name:ru": "Линия JR Яманотэ",
              "name:zh": "JR山手线 (内圈)",
              "network": "東京近郊区間;山手線",
              "network:en": "Tokyo Suburban Area",
              "network:metro": "山手線",
              "note:interval": "See also traffic information: https://gigazine.net/gsc_news/en/20171206-traffic-information-map",
              "opening_hours": "Mo-Su 04:26-01:18",
              "operator": "東日本旅客鉄道",
              "operator:en": "East Japan Railway Company",
              "operator:ko": "동일본 여객철도 주식회사",
              "public_transport:version": "2",
              "ref": "JY",
              "roundtrip": "yes",
              "route": "train",
              "to": "品川",
              "type": "route",
              "wikidata": "Q693036",
              "wikipedia": "ja:山手線"
            }
          }
        ]
      },
      "geometry": {
        "type": "Point",
        "coordinates": [
          139.7730066,
          35.6983688
        ]
      },
      "id": "node/3708276972"
    },
    {
      "type": "Feature",
      "properties": {
        "@id": "node/3708277000",
        "@relations": [
          {
            "role": "stop",
            "rel": 1972960,
            "reltags": {
              "colour": "#B1CB39",
              "distance": "34.5",
              "duration": "60",
              "from": "品川",
              "interval": "4",
              "interval:conditional": "7 @ Mo-Fr 04:30-05:59; 10 @ Sa-Su 04:30-05:59; 5 @ Mo-Fr 06:00-08:09; 3 @ Mo-Fr 08:10-09:50, 16:50-17:50; 8 @ Sa-Su 06:00-08:09; 4 @ Sa-Su 08:10-09:50; 5 @ Mo-Su 21:00-23:00; 8 @ Mo-Su 23:00-00:59",
              "name": "JR山手線",
              "name:de": "JR Yamanote Linie (entgegen dem Uhrzeigersinn)",
              "name:en": "JR Yamanote Line (Inner)",
              "name:es": "Línea JR Yamanote (Interior)",
              "name:it": "Linea Yamanote (interna)",
              "name:ja": "JR山手線 (内回り)",
              "name:ko": "야마노테선",
              "name:ru": "Линия JR Яманотэ",
              "name:zh": "JR山手线 (内圈)",
              "network": "東京近郊区間;山手線",
              "network:en": "Tokyo Suburban Area",
              "network:metro": "山手線",
              "note:interval": "See also traffic information: https://gigazine.net/gsc_news/en/20171206-traffic-information-map",
              "opening_hours": "Mo-Su 04:26-01:18",
              "operator": "東日本旅客鉄道",
              "operator:en": "East Japan Railway Company",
              "operator:ko": "동일본 여객철도 주식회사",
              "public_transport:version": "2",
              "ref": "JY",
              "roundtrip": "yes",
              "route": "train",
              "to": "品川",
              "type": "route",
              "wikidata": "Q693036",
              "wikipedia": "ja:山手線"
            }
          }
        ]
      },
      "geometry": {
        "type": "Point",
        "coordinates": [
          139.7666408,
          35.7321892
        ]
      },
      "id": "node/3708277000"
    },
    {
      "type": "Feature",
      "properties": {
        "@id": "node/3708277002",
        "@relations": [
          {
            "role": "stop",
            "rel": 1972920,
            "reltags": {
              "colour": "#B1CB39",
              "distance": "34.5",
              "duration": "60",
              "from": "品川",
              "interval": "4",
              "interval:conditional": "7 @ Mo-Fr 04:30-05:59; 10 @ Sa-Su 04:30-05:59; 5 @ Mo-Fr 06:00-08:09; 3 @ Mo-Fr 08:10-09:50, 16:50-17:50; 8 @ Sa-Su 06:00-08:09; 4 @ Sa-Su 08:10-09:50; 5 @ Mo-Su 21:00-23:00; 8 @ Mo-Su 23:00-00:59",
              "name": "JR山手線",
              "name:de": "JR Yamanote Linie (im Uhrzeigersinn)",
              "name:en": "JR Yamanote Line (Outer)",
              "name:es": "Línea JR Yamanote (Exterior)",
              "name:it": "Linea Yamanote (esterna)",
              "name:ja": "JR山手線 (外回り)",
              "name:ja-Latn": "Sotomawari",
              "name:ko": "JR 야마노테선",
              "name:ru": "Линия JR Яманотэ",
              "name:zh": "JR山手线 (外圈)",
              "network": "東京近郊区間;山手線",
              "network:en": "Tokyo Suburban Area",
              "network:metro": "山手線",
              "note:interval": "See also traffic information: https://gigazine.net/gsc_news/en/20171206-traffic-information-map",
              "opening_hours": "Mo-Su 04:26-01:18",
              "operator": "東日本旅客鉄道",
              "operator:en": "East Japan Railway Company",
              "public_transport:version": "2",
              "ref": "JY",
              "roundtrip": "yes",
              "route": "train",
              "to": "品川",
              "type": "route",
              "wikidata": "Q693036",
              "wikipedia": "ja:山手線"
            }
          }
        ]
      },
      "geometry": {
        "type": "Point",
        "coordinates": [
          139.766696,
          35.7322151
        ]
      },
      "id": "node/3708277002"
    },
    {
      "type": "Feature",
      "properties": {
        "@id": "node/3708277005",
        "@relations": [
          {
            "role": "stop",
            "rel": 1972960,
            "reltags": {
              "colour": "#B1CB39",
              "distance": "34.5",
              "duration": "60",
              "from": "品川",
              "interval": "4",
              "interval:conditional": "7 @ Mo-Fr 04:30-05:59; 10 @ Sa-Su 04:30-05:59; 5 @ Mo-Fr 06:00-08:09; 3 @ Mo-Fr 08:10-09:50, 16:50-17:50; 8 @ Sa-Su 06:00-08:09; 4 @ Sa-Su 08:10-09:50; 5 @ Mo-Su 21:00-23:00; 8 @ Mo-Su 23:00-00:59",
              "name": "JR山手線",
              "name:de": "JR Yamanote Linie (entgegen dem Uhrzeigersinn)",
              "name:en": "JR Yamanote Line (Inner)",
              "name:es": "Línea JR Yamanote (Interior)",
              "name:it": "Linea Yamanote (interna)",
              "name:ja": "JR山手線 (内回り)",
              "name:ko": "야마노테선",
              "name:ru": "Линия JR Яманотэ",
              "name:zh": "JR山手线 (内圈)",
              "network": "東京近郊区間;山手線",
              "network:en": "Tokyo Suburban Area",
              "network:metro": "山手線",
              "note:interval": "See also traffic information: https://gigazine.net/gsc_news/en/20171206-traffic-information-map",
              "opening_hours": "Mo-Su 04:26-01:18",
              "operator": "東日本旅客鉄道",
              "operator:en": "East Japan Railway Company",
              "operator:ko": "동일본 여객철도 주식회사",
              "public_transport:version": "2",
              "ref": "JY",
              "roundtrip": "yes",
              "route": "train",
              "to": "品川",
              "type": "route",
              "wikidata": "Q693036",
              "wikipedia": "ja:山手線"
            }
          }
        ]
      },
      "geometry": {
        "type": "Point",
        "coordinates": [
          139.7746097,
          35.7069554
        ]
      },
      "id": "node/3708277005"
    },
    {
      "type": "Feature",
      "properties": {
        "@id": "node/3708277009",
        "@relations": [
          {
            "role": "stop",
            "rel": 1972920,
            "reltags": {
              "colour": "#B1CB39",
              "distance": "34.5",
              "duration": "60",
              "from": "品川",
              "interval": "4",
              "interval:conditional": "7 @ Mo-Fr 04:30-05:59; 10 @ Sa-Su 04:30-05:59; 5 @ Mo-Fr 06:00-08:09; 3 @ Mo-Fr 08:10-09:50, 16:50-17:50; 8 @ Sa-Su 06:00-08:09; 4 @ Sa-Su 08:10-09:50; 5 @ Mo-Su 21:00-23:00; 8 @ Mo-Su 23:00-00:59",
              "name": "JR山手線",
              "name:de": "JR Yamanote Linie (im Uhrzeigersinn)",
              "name:en": "JR Yamanote Line (Outer)",
              "name:es": "Línea JR Yamanote (Exterior)",
              "name:it": "Linea Yamanote (esterna)",
              "name:ja": "JR山手線 (外回り)",
              "name:ja-Latn": "Sotomawari",
              "name:ko": "JR 야마노테선",
              "name:ru": "Линия JR Яманотэ",
              "name:zh": "JR山手线 (外圈)",
              "network": "東京近郊区間;山手線",
              "network:en": "Tokyo Suburban Area",
              "network:metro": "山手線",
              "note:interval": "See also traffic information: https://gigazine.net/gsc_news/en/20171206-traffic-information-map",
              "opening_hours": "Mo-Su 04:26-01:18",
              "operator": "東日本旅客鉄道",
              "operator:en": "East Japan Railway Company",
              "public_transport:version": "2",
              "ref": "JY",
              "roundtrip": "yes",
              "route": "train",
              "to": "品川",
              "type": "route",
              "wikidata": "Q693036",
              "wikipedia": "ja:山手線"
            }
          }
        ]
      },
      "geometry": {
        "type": "Point",
        "coordinates": [
          139.728663,
          35.6194747
        ]
      },
      "id": "node/3708277009"
    },
    {
      "type": "Feature",
      "properties": {
        "@id": "node/3708277011",
        "@relations": [
          {
            "role": "stop",
            "rel": 1972960,
            "reltags": {
              "colour": "#B1CB39",
              "distance": "34.5",
              "duration": "60",
              "from": "品川",
              "interval": "4",
              "interval:conditional": "7 @ Mo-Fr 04:30-05:59; 10 @ Sa-Su 04:30-05:59; 5 @ Mo-Fr 06:00-08:09; 3 @ Mo-Fr 08:10-09:50, 16:50-17:50; 8 @ Sa-Su 06:00-08:09; 4 @ Sa-Su 08:10-09:50; 5 @ Mo-Su 21:00-23:00; 8 @ Mo-Su 23:00-00:59",
              "name": "JR山手線",
              "name:de": "JR Yamanote Linie (entgegen dem Uhrzeigersinn)",
              "name:en": "JR Yamanote Line (Inner)",
              "name:es": "Línea JR Yamanote (Interior)",
              "name:it": "Linea Yamanote (interna)",
              "name:ja": "JR山手線 (内回り)",
              "name:ko": "야마노테선",
              "name:ru": "Линия JR Яманотэ",
              "name:zh": "JR山手线 (内圈)",
              "network": "東京近郊区間;山手線",
              "network:en": "Tokyo Suburban Area",
              "network:metro": "山手線",
              "note:interval": "See also traffic information: https://gigazine.net/gsc_news/en/20171206-traffic-information-map",
              "opening_hours": "Mo-Su 04:26-01:18",
              "operator": "東日本旅客鉄道",
              "operator:en": "East Japan Railway Company",
              "operator:ko": "동일본 여객철도 주식회사",
              "public_transport:version": "2",
              "ref": "JY",
              "roundtrip": "yes",
              "route": "train",
              "to": "品川",
              "type": "route",
              "wikidata": "Q693036",
              "wikipedia": "ja:山手線"
            }
          }
        ]
      },
      "geometry": {
        "type": "Point",
        "coordinates": [
          139.7287899,
          35.6195354
        ]
      },
      "id": "node/3708277011"
    },
    {
      "type": "Feature",
      "properties": {
        "@id": "node/3708277016",
        "@relations": [
          {
            "role": "stop",
            "rel": 1972960,
            "reltags": {
              "colour": "#B1CB39",
              "distance": "34.5",
              "duration": "60",
              "from": "品川",
              "interval": "4",
              "interval:conditional": "7 @ Mo-Fr 04:30-05:59; 10 @ Sa-Su 04:30-05:59; 5 @ Mo-Fr 06:00-08:09; 3 @ Mo-Fr 08:10-09:50, 16:50-17:50; 8 @ Sa-Su 06:00-08:09; 4 @ Sa-Su 08:10-09:50; 5 @ Mo-Su 21:00-23:00; 8 @ Mo-Su 23:00-00:59",
              "name": "JR山手線",
              "name:de": "JR Yamanote Linie (entgegen dem Uhrzeigersinn)",
              "name:en": "JR Yamanote Line (Inner)",
              "name:es": "Línea JR Yamanote (Interior)",
              "name:it": "Linea Yamanote (interna)",
              "name:ja": "JR山手線 (内回り)",
              "name:ko": "야마노테선",
              "name:ru": "Линия JR Яманотэ",
              "name:zh": "JR山手线 (内圈)",
              "network": "東京近郊区間;山手線",
              "network:en": "Tokyo Suburban Area",
              "network:metro": "山手線",
              "note:interval": "See also traffic information: https://gigazine.net/gsc_news/en/20171206-traffic-information-map",
              "opening_hours": "Mo-Su 04:26-01:18",
              "operator": "東日本旅客鉄道",
              "operator:en": "East Japan Railway Company",
              "operator:ko": "동일본 여객철도 주식회사",
              "public_transport:version": "2",
              "ref": "JY",
              "roundtrip": "yes",
              "route": "train",
              "to": "品川",
              "type": "route",
              "wikidata": "Q693036",
              "wikipedia": "ja:山手線"
            }
          }
        ]
      },
      "geometry": {
        "type": "Point",
        "coordinates": [
          139.7002955,
          35.701298
        ]
      },
      "id": "node/3708277016"
    },
    {
      "type": "Feature",
      "properties": {
        "@id": "node/3708277017",
        "@relations": [
          {
            "role": "stop",
            "rel": 1972920,
            "reltags": {
              "colour": "#B1CB39",
              "distance": "34.5",
              "duration": "60",
              "from": "品川",
              "interval": "4",
              "interval:conditional": "7 @ Mo-Fr 04:30-05:59; 10 @ Sa-Su 04:30-05:59; 5 @ Mo-Fr 06:00-08:09; 3 @ Mo-Fr 08:10-09:50, 16:50-17:50; 8 @ Sa-Su 06:00-08:09; 4 @ Sa-Su 08:10-09:50; 5 @ Mo-Su 21:00-23:00; 8 @ Mo-Su 23:00-00:59",
              "name": "JR山手線",
              "name:de": "JR Yamanote Linie (im Uhrzeigersinn)",
              "name:en": "JR Yamanote Line (Outer)",
              "name:es": "Línea JR Yamanote (Exterior)",
              "name:it": "Linea Yamanote (esterna)",
              "name:ja": "JR山手線 (外回り)",
              "name:ja-Latn": "Sotomawari",
              "name:ko": "JR 야마노테선",
              "name:ru": "Линия JR Яманотэ",
              "name:zh": "JR山手线 (外圈)",
              "network": "東京近郊区間;山手線",
              "network:en": "Tokyo Suburban Area",
              "network:metro": "山手線",
              "note:interval": "See also traffic information: https://gigazine.net/gsc_news/en/20171206-traffic-information-map",
              "opening_hours": "Mo-Su 04:26-01:18",
              "operator": "東日本旅客鉄道",
              "operator:en": "East Japan Railway Company",
              "public_transport:version": "2",
              "ref": "JY",
              "roundtrip": "yes",
              "route": "train",
              "to": "品川",
              "type": "route",
              "wikidata": "Q693036",
              "wikipedia": "ja:山手線"
            }
          }
        ]
      },
      "geometry": {
        "type": "Point",
        "coordinates": [
          139.7001876,
          35.7013028
        ]
      },
      "id": "node/3708277017"
    },
    {
      "type": "Feature",
      "properties": {
        "@id": "node/3708277018",
        "@relations": [
          {
            "role": "stop",
            "rel": 1972960,
            "reltags": {
              "colour": "#B1CB39",
              "distance": "34.5",
              "duration": "60",
              "from": "品川",
              "interval": "4",
              "interval:conditional": "7 @ Mo-Fr 04:30-05:59; 10 @ Sa-Su 04:30-05:59; 5 @ Mo-Fr 06:00-08:09; 3 @ Mo-Fr 08:10-09:50, 16:50-17:50; 8 @ Sa-Su 06:00-08:09; 4 @ Sa-Su 08:10-09:50; 5 @ Mo-Su 21:00-23:00; 8 @ Mo-Su 23:00-00:59",
              "name": "JR山手線",
              "name:de": "JR Yamanote Linie (entgegen dem Uhrzeigersinn)",
              "name:en": "JR Yamanote Line (Inner)",
              "name:es": "Línea JR Yamanote (Interior)",
              "name:it": "Linea Yamanote (interna)",
              "name:ja": "JR山手線 (内回り)",
              "name:ko": "야마노테선",
              "name:ru": "Линия JR Яманотэ",
              "name:zh": "JR山手线 (内圈)",
              "network": "東京近郊区間;山手線",
              "network:en": "Tokyo Suburban Area",
              "network:metro": "山手線",
              "note:interval": "See also traffic information: https://gigazine.net/gsc_news/en/20171206-traffic-information-map",
              "opening_hours": "Mo-Su 04:26-01:18",
              "operator": "東日本旅客鉄道",
              "operator:en": "East Japan Railway Company",
              "operator:ko": "동일본 여객철도 주식회사",
              "public_transport:version": "2",
              "ref": "JY",
              "roundtrip": "yes",
              "route": "train",
              "to": "品川",
              "type": "route",
              "wikidata": "Q693036",
              "wikipedia": "ja:山手線"
            }
          }
        ]
      },
      "geometry": {
        "type": "Point",
        "coordinates": [
          139.7394571,
          35.7333581
        ]
      },
      "id": "node/3708277018"
    },
    {
      "type": "Feature",
      "properties": {
        "@id": "node/3708277019",
        "@relations": [
          {
            "role": "stop",
            "rel": 1972920,
            "reltags": {
              "colour": "#B1CB39",
              "distance": "34.5",
              "duration": "60",
              "from": "品川",
              "interval": "4",
              "interval:conditional": "7 @ Mo-Fr 04:30-05:59; 10 @ Sa-Su 04:30-05:59; 5 @ Mo-Fr 06:00-08:09; 3 @ Mo-Fr 08:10-09:50, 16:50-17:50; 8 @ Sa-Su 06:00-08:09; 4 @ Sa-Su 08:10-09:50; 5 @ Mo-Su 21:00-23:00; 8 @ Mo-Su 23:00-00:59",
              "name": "JR山手線",
              "name:de": "JR Yamanote Linie (im Uhrzeigersinn)",
              "name:en": "JR Yamanote Line (Outer)",
              "name:es": "Línea JR Yamanote (Exterior)",
              "name:it": "Linea Yamanote (esterna)",
              "name:ja": "JR山手線 (外回り)",
              "name:ja-Latn": "Sotomawari",
              "name:ko": "JR 야마노테선",
              "name:ru": "Линия JR Яманотэ",
              "name:zh": "JR山手线 (外圈)",
              "network": "東京近郊区間;山手線",
              "network:en": "Tokyo Suburban Area",
              "network:metro": "山手線",
              "note:interval": "See also traffic information: https://gigazine.net/gsc_news/en/20171206-traffic-information-map",
              "opening_hours": "Mo-Su 04:26-01:18",
              "operator": "東日本旅客鉄道",
              "operator:en": "East Japan Railway Company",
              "public_transport:version": "2",
              "ref": "JY",
              "roundtrip": "yes",
              "route": "train",
              "to": "品川",
              "type": "route",
              "wikidata": "Q693036",
              "wikipedia": "ja:山手線"
            }
          }
        ]
      },
      "geometry": {
        "type": "Point",
        "coordinates": [
          139.7394013,
          35.7334579
        ]
      },
      "id": "node/3708277019"
    },
    {
      "type": "Feature",
      "properties": {
        "@id": "node/3708277021",
        "@relations": [
          {
            "role": "stop",
            "rel": 1972960,
            "reltags": {
              "colour": "#B1CB39",
              "distance": "34.5",
              "duration": "60",
              "from": "品川",
              "interval": "4",
              "interval:conditional": "7 @ Mo-Fr 04:30-05:59; 10 @ Sa-Su 04:30-05:59; 5 @ Mo-Fr 06:00-08:09; 3 @ Mo-Fr 08:10-09:50, 16:50-17:50; 8 @ Sa-Su 06:00-08:09; 4 @ Sa-Su 08:10-09:50; 5 @ Mo-Su 21:00-23:00; 8 @ Mo-Su 23:00-00:59",
              "name": "JR山手線",
              "name:de": "JR Yamanote Linie (entgegen dem Uhrzeigersinn)",
              "name:en": "JR Yamanote Line (Inner)",
              "name:es": "Línea JR Yamanote (Interior)",
              "name:it": "Linea Yamanote (interna)",
              "name:ja": "JR山手線 (内回り)",
              "name:ko": "야마노테선",
              "name:ru": "Линия JR Яманотэ",
              "name:zh": "JR山手线 (内圈)",
              "network": "東京近郊区間;山手線",
              "network:en": "Tokyo Suburban Area",
              "network:metro": "山手線",
              "note:interval": "See also traffic information: https://gigazine.net/gsc_news/en/20171206-traffic-information-map",
              "opening_hours": "Mo-Su 04:26-01:18",
              "operator": "東日本旅客鉄道",
              "operator:en": "East Japan Railway Company",
              "operator:ko": "동일본 여객철도 주식회사",
              "public_transport:version": "2",
              "ref": "JY",
              "roundtrip": "yes",
              "route": "train",
              "to": "品川",
              "type": "route",
              "wikidata": "Q693036",
              "wikipedia": "ja:山手線"
            }
          }
        ]
      },
      "geometry": {
        "type": "Point",
        "coordinates": [
          139.7616902,
          35.7373601
        ]
      },
      "id": "node/3708277021"
    },
    {
      "type": "Feature",
      "properties": {
        "@id": "node/3708277022",
        "@relations": [
          {
            "role": "stop",
            "rel": 1972920,
            "reltags": {
              "colour": "#B1CB39",
              "distance": "34.5",
              "duration": "60",
              "from": "品川",
              "interval": "4",
              "interval:conditional": "7 @ Mo-Fr 04:30-05:59; 10 @ Sa-Su 04:30-05:59; 5 @ Mo-Fr 06:00-08:09; 3 @ Mo-Fr 08:10-09:50, 16:50-17:50; 8 @ Sa-Su 06:00-08:09; 4 @ Sa-Su 08:10-09:50; 5 @ Mo-Su 21:00-23:00; 8 @ Mo-Su 23:00-00:59",
              "name": "JR山手線",
              "name:de": "JR Yamanote Linie (im Uhrzeigersinn)",
              "name:en": "JR Yamanote Line (Outer)",
              "name:es": "Línea JR Yamanote (Exterior)",
              "name:it": "Linea Yamanote (esterna)",
              "name:ja": "JR山手線 (外回り)",
              "name:ja-Latn": "Sotomawari",
              "name:ko": "JR 야마노테선",
              "name:ru": "Линия JR Яманотэ",
              "name:zh": "JR山手线 (外圈)",
              "network": "東京近郊区間;山手線",
              "network:en": "Tokyo Suburban Area",
              "network:metro": "山手線",
              "note:interval": "See also traffic information: https://gigazine.net/gsc_news/en/20171206-traffic-information-map",
              "opening_hours": "Mo-Su 04:26-01:18",
              "operator": "東日本旅客鉄道",
              "operator:en": "East Japan Railway Company",
              "public_transport:version": "2",
              "ref": "JY",
              "roundtrip": "yes",
              "route": "train",
              "to": "品川",
              "type": "route",
              "wikidata": "Q693036",
              "wikipedia": "ja:山手線"
            }
          }
        ]
      },
      "geometry": {
        "type": "Point",
        "coordinates": [
          139.7617238,
          35.7373845
        ]
      },
      "id": "node/3708277022"
    },
    {
      "type": "Feature",
      "properties": {
        "@id": "node/3708277024",
        "@relations": [
          {
            "role": "stop",
            "rel": 1972960,
            "reltags": {
              "colour": "#B1CB39",
              "distance": "34.5",
              "duration": "60",
              "from": "品川",
              "interval": "4",
              "interval:conditional": "7 @ Mo-Fr 04:30-05:59; 10 @ Sa-Su 04:30-05:59; 5 @ Mo-Fr 06:00-08:09; 3 @ Mo-Fr 08:10-09:50, 16:50-17:50; 8 @ Sa-Su 06:00-08:09; 4 @ Sa-Su 08:10-09:50; 5 @ Mo-Su 21:00-23:00; 8 @ Mo-Su 23:00-00:59",
              "name": "JR山手線",
              "name:de": "JR Yamanote Linie (entgegen dem Uhrzeigersinn)",
              "name:en": "JR Yamanote Line (Inner)",
              "name:es": "Línea JR Yamanote (Interior)",
              "name:it": "Linea Yamanote (interna)",
              "name:ja": "JR山手線 (内回り)",
              "name:ko": "야마노테선",
              "name:ru": "Линия JR Яманотэ",
              "name:zh": "JR山手线 (内圈)",
              "network": "東京近郊区間;山手線",
              "network:en": "Tokyo Suburban Area",
              "network:metro": "山手線",
              "note:interval": "See also traffic information: https://gigazine.net/gsc_news/en/20171206-traffic-information-map",
              "opening_hours": "Mo-Su 04:26-01:18",
              "operator": "東日本旅客鉄道",
              "operator:en": "East Japan Railway Company",
              "operator:ko": "동일본 여객철도 주식회사",
              "public_transport:version": "2",
              "ref": "JY",
              "roundtrip": "yes",
              "route": "train",
              "to": "品川",
              "type": "route",
              "wikidata": "Q693036",
              "wikipedia": "ja:山手線"
            }
          }
        ]
      },
      "geometry": {
        "type": "Point",
        "coordinates": [
          139.7036846,
          35.7126771
        ]
      },
      "id": "node/3708277024"
    },
    {
      "type": "Feature",
      "properties": {
        "@id": "node/3708279825",
        "@relations": [
          {
            "role": "stop",
            "rel": 1972920,
            "reltags": {
              "colour": "#B1CB39",
              "distance": "34.5",
              "duration": "60",
              "from": "品川",
              "interval": "4",
              "interval:conditional": "7 @ Mo-Fr 04:30-05:59; 10 @ Sa-Su 04:30-05:59; 5 @ Mo-Fr 06:00-08:09; 3 @ Mo-Fr 08:10-09:50, 16:50-17:50; 8 @ Sa-Su 06:00-08:09; 4 @ Sa-Su 08:10-09:50; 5 @ Mo-Su 21:00-23:00; 8 @ Mo-Su 23:00-00:59",
              "name": "JR山手線",
              "name:de": "JR Yamanote Linie (im Uhrzeigersinn)",
              "name:en": "JR Yamanote Line (Outer)",
              "name:es": "Línea JR Yamanote (Exterior)",
              "name:it": "Linea Yamanote (esterna)",
              "name:ja": "JR山手線 (外回り)",
              "name:ja-Latn": "Sotomawari",
              "name:ko": "JR 야마노테선",
              "name:ru": "Линия JR Яманотэ",
              "name:zh": "JR山手线 (外圈)",
              "network": "東京近郊区間;山手線",
              "network:en": "Tokyo Suburban Area",
              "network:metro": "山手線",
              "note:interval": "See also traffic information: https://gigazine.net/gsc_news/en/20171206-traffic-information-map",
              "opening_hours": "Mo-Su 04:26-01:18",
              "operator": "東日本旅客鉄道",
              "operator:en": "East Japan Railway Company",
              "public_transport:version": "2",
              "ref": "JY",
              "roundtrip": "yes",
              "route": "train",
              "to": "品川",
              "type": "route",
              "wikidata": "Q693036",
              "wikipedia": "ja:山手線"
            }
          }
        ]
      },
      "geometry": {
        "type": "Point",
        "coordinates": [
          139.7035866,
          35.7126962
        ]
      },
      "id": "node/3708279825"
    },
    {
      "type": "Feature",
      "properties": {
        "@id": "node/3708279827",
        "@relations": [
          {
            "role": "stop",
            "rel": 1972920,
            "reltags": {
              "colour": "#B1CB39",
              "distance": "34.5",
              "duration": "60",
              "from": "品川",
              "interval": "4",
              "interval:conditional": "7 @ Mo-Fr 04:30-05:59; 10 @ Sa-Su 04:30-05:59; 5 @ Mo-Fr 06:00-08:09; 3 @ Mo-Fr 08:10-09:50, 16:50-17:50; 8 @ Sa-Su 06:00-08:09; 4 @ Sa-Su 08:10-09:50; 5 @ Mo-Su 21:00-23:00; 8 @ Mo-Su 23:00-00:59",
              "name": "JR山手線",
              "name:de": "JR Yamanote Linie (im Uhrzeigersinn)",
              "name:en": "JR Yamanote Line (Outer)",
              "name:es": "Línea JR Yamanote (Exterior)",
              "name:it": "Linea Yamanote (esterna)",
              "name:ja": "JR山手線 (外回り)",
              "name:ja-Latn": "Sotomawari",
              "name:ko": "JR 야마노테선",
              "name:ru": "Линия JR Яманотэ",
              "name:zh": "JR山手线 (外圈)",
              "network": "東京近郊区間;山手線",
              "network:en": "Tokyo Suburban Area",
              "network:metro": "山手線",
              "note:interval": "See also traffic information: https://gigazine.net/gsc_news/en/20171206-traffic-information-map",
              "opening_hours": "Mo-Su 04:26-01:18",
              "operator": "東日本旅客鉄道",
              "operator:en": "East Japan Railway Company",
              "public_transport:version": "2",
              "ref": "JY",
              "roundtrip": "yes",
              "route": "train",
              "to": "品川",
              "type": "route",
              "wikidata": "Q693036",
              "wikipedia": "ja:山手線"
            }
          }
        ]
      },
      "geometry": {
        "type": "Point",
        "coordinates": [
          139.7476996,
          35.6457199
        ]
      },
      "id": "node/3708279827"
    },
    {
      "type": "Feature",
      "properties": {
        "@id": "node/3708279829",
        "@relations": [
          {
            "role": "stop",
            "rel": 1972960,
            "reltags": {
              "colour": "#B1CB39",
              "distance": "34.5",
              "duration": "60",
              "from": "品川",
              "interval": "4",
              "interval:conditional": "7 @ Mo-Fr 04:30-05:59; 10 @ Sa-Su 04:30-05:59; 5 @ Mo-Fr 06:00-08:09; 3 @ Mo-Fr 08:10-09:50, 16:50-17:50; 8 @ Sa-Su 06:00-08:09; 4 @ Sa-Su 08:10-09:50; 5 @ Mo-Su 21:00-23:00; 8 @ Mo-Su 23:00-00:59",
              "name": "JR山手線",
              "name:de": "JR Yamanote Linie (entgegen dem Uhrzeigersinn)",
              "name:en": "JR Yamanote Line (Inner)",
              "name:es": "Línea JR Yamanote (Interior)",
              "name:it": "Linea Yamanote (interna)",
              "name:ja": "JR山手線 (内回り)",
              "name:ko": "야마노테선",
              "name:ru": "Линия JR Яманотэ",
              "name:zh": "JR山手线 (内圈)",
              "network": "東京近郊区間;山手線",
              "network:en": "Tokyo Suburban Area",
              "network:metro": "山手線",
              "note:interval": "See also traffic information: https://gigazine.net/gsc_news/en/20171206-traffic-information-map",
              "opening_hours": "Mo-Su 04:26-01:18",
              "operator": "東日本旅客鉄道",
              "operator:en": "East Japan Railway Company",
              "operator:ko": "동일본 여객철도 주식회사",
              "public_transport:version": "2",
              "ref": "JY",
              "roundtrip": "yes",
              "route": "train",
              "to": "品川",
              "type": "route",
              "wikidata": "Q693036",
              "wikipedia": "ja:山手線"
            }
          }
        ]
      },
      "geometry": {
        "type": "Point",
        "coordinates": [
          139.7476752,
          35.6457557
        ]
      },
      "id": "node/3708279829"
    },
    {
      "type": "Feature",
      "properties": {
        "@id": "node/3708279849",
        "@relations": [
          {
            "role": "stop",
            "rel": 1972920,
            "reltags": {
              "colour": "#B1CB39",
              "distance": "34.5",
              "duration": "60",
              "from": "品川",
              "interval": "4",
              "interval:conditional": "7 @ Mo-Fr 04:30-05:59; 10 @ Sa-Su 04:30-05:59; 5 @ Mo-Fr 06:00-08:09; 3 @ Mo-Fr 08:10-09:50, 16:50-17:50; 8 @ Sa-Su 06:00-08:09; 4 @ Sa-Su 08:10-09:50; 5 @ Mo-Su 21:00-23:00; 8 @ Mo-Su 23:00-00:59",
              "name": "JR山手線",
              "name:de": "JR Yamanote Linie (im Uhrzeigersinn)",
              "name:en": "JR Yamanote Line (Outer)",
              "name:es": "Línea JR Yamanote (Exterior)",
              "name:it": "Linea Yamanote (esterna)",
              "name:ja": "JR山手線 (外回り)",
              "name:ja-Latn": "Sotomawari",
              "name:ko": "JR 야마노테선",
              "name:ru": "Линия JR Яманотэ",
              "name:zh": "JR山手线 (外圈)",
              "network": "東京近郊区間;山手線",
              "network:en": "Tokyo Suburban Area",
              "network:metro": "山手線",
              "note:interval": "See also traffic information: https://gigazine.net/gsc_news/en/20171206-traffic-information-map",
              "opening_hours": "Mo-Su 04:26-01:18",
              "operator": "東日本旅客鉄道",
              "operator:en": "East Japan Railway Company",
              "public_transport:version": "2",
              "ref": "JY",
              "roundtrip": "yes",
              "route": "train",
              "to": "品川",
              "type": "route",
              "wikidata": "Q693036",
              "wikipedia": "ja:山手線"
            }
          }
        ]
      },
      "geometry": {
        "type": "Point",
        "coordinates": [
          139.7761427,
          35.7135763
        ]
      },
      "id": "node/3708279849"
    },
    {
      "type": "Feature",
      "properties": {
        "@id": "node/3708279850",
        "@relations": [
          {
            "role": "stop",
            "rel": 1972960,
            "reltags": {
              "colour": "#B1CB39",
              "distance": "34.5",
              "duration": "60",
              "from": "品川",
              "interval": "4",
              "interval:conditional": "7 @ Mo-Fr 04:30-05:59; 10 @ Sa-Su 04:30-05:59; 5 @ Mo-Fr 06:00-08:09; 3 @ Mo-Fr 08:10-09:50, 16:50-17:50; 8 @ Sa-Su 06:00-08:09; 4 @ Sa-Su 08:10-09:50; 5 @ Mo-Su 21:00-23:00; 8 @ Mo-Su 23:00-00:59",
              "name": "JR山手線",
              "name:de": "JR Yamanote Linie (entgegen dem Uhrzeigersinn)",
              "name:en": "JR Yamanote Line (Inner)",
              "name:es": "Línea JR Yamanote (Interior)",
              "name:it": "Linea Yamanote (interna)",
              "name:ja": "JR山手線 (内回り)",
              "name:ko": "야마노테선",
              "name:ru": "Линия JR Яманотэ",
              "name:zh": "JR山手线 (内圈)",
              "network": "東京近郊区間;山手線",
              "network:en": "Tokyo Suburban Area",
              "network:metro": "山手線",
              "note:interval": "See also traffic information: https://gigazine.net/gsc_news/en/20171206-traffic-information-map",
              "opening_hours": "Mo-Su 04:26-01:18",
              "operator": "東日本旅客鉄道",
              "operator:en": "East Japan Railway Company",
              "operator:ko": "동일본 여객철도 주식회사",
              "public_transport:version": "2",
              "ref": "JY",
              "roundtrip": "yes",
              "route": "train",
              "to": "品川",
              "type": "route",
              "wikidata": "Q693036",
              "wikipedia": "ja:山手線"
            }
          }
        ]
      },
      "geometry": {
        "type": "Point",
        "coordinates": [
          139.7760843,
          35.7136003
        ]
      },
      "id": "node/3708279850"
    },
    {
      "type": "Feature",
      "properties": {
        "@id": "node/3708279853",
        "@relations": [
          {
            "role": "stop",
            "rel": 1972960,
            "reltags": {
              "colour": "#B1CB39",
              "distance": "34.5",
              "duration": "60",
              "from": "品川",
              "interval": "4",
              "interval:conditional": "7 @ Mo-Fr 04:30-05:59; 10 @ Sa-Su 04:30-05:59; 5 @ Mo-Fr 06:00-08:09; 3 @ Mo-Fr 08:10-09:50, 16:50-17:50; 8 @ Sa-Su 06:00-08:09; 4 @ Sa-Su 08:10-09:50; 5 @ Mo-Su 21:00-23:00; 8 @ Mo-Su 23:00-00:59",
              "name": "JR山手線",
              "name:de": "JR Yamanote Linie (entgegen dem Uhrzeigersinn)",
              "name:en": "JR Yamanote Line (Inner)",
              "name:es": "Línea JR Yamanote (Interior)",
              "name:it": "Linea Yamanote (interna)",
              "name:ja": "JR山手線 (内回り)",
              "name:ko": "야마노테선",
              "name:ru": "Линия JR Яманотэ",
              "name:zh": "JR山手线 (内圈)",
              "network": "東京近郊区間;山手線",
              "network:en": "Tokyo Suburban Area",
              "network:metro": "山手線",
              "note:interval": "See also traffic information: https://gigazine.net/gsc_news/en/20171206-traffic-information-map",
              "opening_hours": "Mo-Su 04:26-01:18",
              "operator": "東日本旅客鉄道",
              "operator:en": "East Japan Railway Company",
              "operator:ko": "동일본 여객철도 주식회사",
              "public_transport:version": "2",
              "ref": "JY",
              "roundtrip": "yes",
              "route": "train",
              "to": "品川",
              "type": "route",
              "wikidata": "Q693036",
              "wikipedia": "ja:山手線"
            }
          }
        ]
      },
      "geometry": {
        "type": "Point",
        "coordinates": [
          139.7779035,
          35.7216953
        ]
      },
      "id": "node/3708279853"
    },
    {
      "type": "Feature",
      "properties": {
        "@id": "node/3708279854",
        "@relations": [
          {
            "role": "stop",
            "rel": 1972920,
            "reltags": {
              "colour": "#B1CB39",
              "distance": "34.5",
              "duration": "60",
              "from": "品川",
              "interval": "4",
              "interval:conditional": "7 @ Mo-Fr 04:30-05:59; 10 @ Sa-Su 04:30-05:59; 5 @ Mo-Fr 06:00-08:09; 3 @ Mo-Fr 08:10-09:50, 16:50-17:50; 8 @ Sa-Su 06:00-08:09; 4 @ Sa-Su 08:10-09:50; 5 @ Mo-Su 21:00-23:00; 8 @ Mo-Su 23:00-00:59",
              "name": "JR山手線",
              "name:de": "JR Yamanote Linie (im Uhrzeigersinn)",
              "name:en": "JR Yamanote Line (Outer)",
              "name:es": "Línea JR Yamanote (Exterior)",
              "name:it": "Linea Yamanote (esterna)",
              "name:ja": "JR山手線 (外回り)",
              "name:ja-Latn": "Sotomawari",
              "name:ko": "JR 야마노테선",
              "name:ru": "Линия JR Яманотэ",
              "name:zh": "JR山手线 (外圈)",
              "network": "東京近郊区間;山手線",
              "network:en": "Tokyo Suburban Area",
              "network:metro": "山手線",
              "note:interval": "See also traffic information: https://gigazine.net/gsc_news/en/20171206-traffic-information-map",
              "opening_hours": "Mo-Su 04:26-01:18",
              "operator": "東日本旅客鉄道",
              "operator:en": "East Japan Railway Company",
              "public_transport:version": "2",
              "ref": "JY",
              "roundtrip": "yes",
              "route": "train",
              "to": "品川",
              "type": "route",
              "wikidata": "Q693036",
              "wikipedia": "ja:山手線"
            }
          }
        ]
      },
      "geometry": {
        "type": "Point",
        "coordinates": [
          139.7779296,
          35.7217118
        ]
      },
      "id": "node/3708279854"
    },
    {
      "type": "Feature",
      "properties": {
        "@id": "node/3708279860",
        "@relations": [
          {
            "role": "stop",
            "rel": 1972960,
            "reltags": {
              "colour": "#B1CB39",
              "distance": "34.5",
              "duration": "60",
              "from": "品川",
              "interval": "4",
              "interval:conditional": "7 @ Mo-Fr 04:30-05:59; 10 @ Sa-Su 04:30-05:59; 5 @ Mo-Fr 06:00-08:09; 3 @ Mo-Fr 08:10-09:50, 16:50-17:50; 8 @ Sa-Su 06:00-08:09; 4 @ Sa-Su 08:10-09:50; 5 @ Mo-Su 21:00-23:00; 8 @ Mo-Su 23:00-00:59",
              "name": "JR山手線",
              "name:de": "JR Yamanote Linie (entgegen dem Uhrzeigersinn)",
              "name:en": "JR Yamanote Line (Inner)",
              "name:es": "Línea JR Yamanote (Interior)",
              "name:it": "Linea Yamanote (interna)",
              "name:ja": "JR山手線 (内回り)",
              "name:ko": "야마노테선",
              "name:ru": "Линия JR Яманотэ",
              "name:zh": "JR山手线 (内圈)",
              "network": "東京近郊区間;山手線",
              "network:en": "Tokyo Suburban Area",
              "network:metro": "山手線",
              "note:interval": "See also traffic information: https://gigazine.net/gsc_news/en/20171206-traffic-information-map",
              "opening_hours": "Mo-Su 04:26-01:18",
              "operator": "東日本旅客鉄道",
              "operator:en": "East Japan Railway Company",
              "operator:ko": "동일본 여객철도 주식회사",
              "public_transport:version": "2",
              "ref": "JY",
              "roundtrip": "yes",
              "route": "train",
              "to": "品川",
              "type": "route",
              "wikidata": "Q693036",
              "wikipedia": "ja:山手線"
            }
          }
        ]
      },
      "geometry": {
        "type": "Point",
        "coordinates": [
          139.7020353,
          35.6839438
        ]
      },
      "id": "node/3708279860"
    },
    {
      "type": "Feature",
      "properties": {
        "@id": "node/3708279864",
        "@relations": [
          {
            "role": "stop",
            "rel": 1972920,
            "reltags": {
              "colour": "#B1CB39",
              "distance": "34.5",
              "duration": "60",
              "from": "品川",
              "interval": "4",
              "interval:conditional": "7 @ Mo-Fr 04:30-05:59; 10 @ Sa-Su 04:30-05:59; 5 @ Mo-Fr 06:00-08:09; 3 @ Mo-Fr 08:10-09:50, 16:50-17:50; 8 @ Sa-Su 06:00-08:09; 4 @ Sa-Su 08:10-09:50; 5 @ Mo-Su 21:00-23:00; 8 @ Mo-Su 23:00-00:59",
              "name": "JR山手線",
              "name:de": "JR Yamanote Linie (im Uhrzeigersinn)",
              "name:en": "JR Yamanote Line (Outer)",
              "name:es": "Línea JR Yamanote (Exterior)",
              "name:it": "Linea Yamanote (esterna)",
              "name:ja": "JR山手線 (外回り)",
              "name:ja-Latn": "Sotomawari",
              "name:ko": "JR 야마노테선",
              "name:ru": "Линия JR Яманотэ",
              "name:zh": "JR山手线 (外圈)",
              "network": "東京近郊区間;山手線",
              "network:en": "Tokyo Suburban Area",
              "network:metro": "山手線",
              "note:interval": "See also traffic information: https://gigazine.net/gsc_news/en/20171206-traffic-information-map",
              "opening_hours": "Mo-Su 04:26-01:18",
              "operator": "東日本旅客鉄道",
              "operator:en": "East Japan Railway Company",
              "public_transport:version": "2",
              "ref": "JY",
              "roundtrip": "yes",
              "route": "train",
              "to": "品川",
              "type": "route",
              "wikidata": "Q693036",
              "wikipedia": "ja:山手線"
            }
          }
        ]
      },
      "geometry": {
        "type": "Point",
        "coordinates": [
          139.7630598,
          35.6749429
        ]
      },
      "id": "node/3708279864"
    },
    {
      "type": "Feature",
      "properties": {
        "@id": "node/3708279865",
        "@relations": [
          {
            "role": "stop",
            "rel": 1972960,
            "reltags": {
              "colour": "#B1CB39",
              "distance": "34.5",
              "duration": "60",
              "from": "品川",
              "interval": "4",
              "interval:conditional": "7 @ Mo-Fr 04:30-05:59; 10 @ Sa-Su 04:30-05:59; 5 @ Mo-Fr 06:00-08:09; 3 @ Mo-Fr 08:10-09:50, 16:50-17:50; 8 @ Sa-Su 06:00-08:09; 4 @ Sa-Su 08:10-09:50; 5 @ Mo-Su 21:00-23:00; 8 @ Mo-Su 23:00-00:59",
              "name": "JR山手線",
              "name:de": "JR Yamanote Linie (entgegen dem Uhrzeigersinn)",
              "name:en": "JR Yamanote Line (Inner)",
              "name:es": "Línea JR Yamanote (Interior)",
              "name:it": "Linea Yamanote (interna)",
              "name:ja": "JR山手線 (内回り)",
              "name:ko": "야마노테선",
              "name:ru": "Линия JR Яманотэ",
              "name:zh": "JR山手线 (内圈)",
              "network": "東京近郊区間;山手線",
              "network:en": "Tokyo Suburban Area",
              "network:metro": "山手線",
              "note:interval": "See also traffic information: https://gigazine.net/gsc_news/en/20171206-traffic-information-map",
              "opening_hours": "Mo-Su 04:26-01:18",
              "operator": "東日本旅客鉄道",
              "operator:en": "East Japan Railway Company",
              "operator:ko": "동일본 여객철도 주식회사",
              "public_transport:version": "2",
              "ref": "JY",
              "roundtrip": "yes",
              "route": "train",
              "to": "品川",
              "type": "route",
              "wikidata": "Q693036",
              "wikipedia": "ja:山手線"
            }
          }
        ]
      },
      "geometry": {
        "type": "Point",
        "coordinates": [
          139.7630295,
          35.6749714
        ]
      },
      "id": "node/3708279865"
    },
    {
      "type": "Feature",
      "properties": {
        "@id": "node/7962169291",
        "@relations": [
          {
            "role": "stop",
            "rel": 1972960,
            "reltags": {
              "colour": "#B1CB39",
              "distance": "34.5",
              "duration": "60",
              "from": "品川",
              "interval": "4",
              "interval:conditional": "7 @ Mo-Fr 04:30-05:59; 10 @ Sa-Su 04:30-05:59; 5 @ Mo-Fr 06:00-08:09; 3 @ Mo-Fr 08:10-09:50, 16:50-17:50; 8 @ Sa-Su 06:00-08:09; 4 @ Sa-Su 08:10-09:50; 5 @ Mo-Su 21:00-23:00; 8 @ Mo-Su 23:00-00:59",
              "name": "JR山手線",
              "name:de": "JR Yamanote Linie (entgegen dem Uhrzeigersinn)",
              "name:en": "JR Yamanote Line (Inner)",
              "name:es": "Línea JR Yamanote (Interior)",
              "name:it": "Linea Yamanote (interna)",
              "name:ja": "JR山手線 (内回り)",
              "name:ko": "야마노테선",
              "name:ru": "Линия JR Яманотэ",
              "name:zh": "JR山手线 (内圈)",
              "network": "東京近郊区間;山手線",
              "network:en": "Tokyo Suburban Area",
              "network:metro": "山手線",
              "note:interval": "See also traffic information: https://gigazine.net/gsc_news/en/20171206-traffic-information-map",
              "opening_hours": "Mo-Su 04:26-01:18",
              "operator": "東日本旅客鉄道",
              "operator:en": "East Japan Railway Company",
              "operator:ko": "동일본 여객철도 주식회사",
              "public_transport:version": "2",
              "ref": "JY",
              "roundtrip": "yes",
              "route": "train",
              "to": "品川",
              "type": "route",
              "wikidata": "Q693036",
              "wikipedia": "ja:山手線"
            }
          }
        ]
      },
      "geometry": {
        "type": "Point",
        "coordinates": [
          139.7236933,
          35.6262896
        ]
      },
      "id": "node/7962169291"
    },
    {
      "type": "Feature",
      "properties": {
        "@id": "node/7293401979",
        "@relations": [
          {
            "role": "stop",
            "rel": 1972920,
            "reltags": {
              "colour": "#B1CB39",
              "distance": "34.5",
              "duration": "60",
              "from": "品川",
              "interval": "4",
              "interval:conditional": "7 @ Mo-Fr 04:30-05:59; 10 @ Sa-Su 04:30-05:59; 5 @ Mo-Fr 06:00-08:09; 3 @ Mo-Fr 08:10-09:50, 16:50-17:50; 8 @ Sa-Su 06:00-08:09; 4 @ Sa-Su 08:10-09:50; 5 @ Mo-Su 21:00-23:00; 8 @ Mo-Su 23:00-00:59",
              "name": "JR山手線",
              "name:de": "JR Yamanote Linie (im Uhrzeigersinn)",
              "name:en": "JR Yamanote Line (Outer)",
              "name:es": "Línea JR Yamanote (Exterior)",
              "name:it": "Linea Yamanote (esterna)",
              "name:ja": "JR山手線 (外回り)",
              "name:ja-Latn": "Sotomawari",
              "name:ko": "JR 야마노테선",
              "name:ru": "Линия JR Яманотэ",
              "name:zh": "JR山手线 (外圈)",
              "network": "東京近郊区間;山手線",
              "network:en": "Tokyo Suburban Area",
              "network:metro": "山手線",
              "note:interval": "See also traffic information: https://gigazine.net/gsc_news/en/20171206-traffic-information-map",
              "opening_hours": "Mo-Su 04:26-01:18",
              "operator": "東日本旅客鉄道",
              "operator:en": "East Japan Railway Company",
              "public_transport:version": "2",
              "ref": "JY",
              "roundtrip": "yes",
              "route": "train",
              "to": "品川",
              "type": "route",
              "wikidata": "Q693036",
              "wikipedia": "ja:山手線"
            }
          }
        ]
      },
      "geometry": {
        "type": "Point",
        "coordinates": [
          139.7406431,
          35.6354057
        ]
      },
      "id": "node/7293401979"
    },
    {
      "type": "Feature",
      "properties": {
        "@id": "node/7293401980",
        "@relations": [
          {
            "role": "stop",
            "rel": 1972960,
            "reltags": {
              "colour": "#B1CB39",
              "distance": "34.5",
              "duration": "60",
              "from": "品川",
              "interval": "4",
              "interval:conditional": "7 @ Mo-Fr 04:30-05:59; 10 @ Sa-Su 04:30-05:59; 5 @ Mo-Fr 06:00-08:09; 3 @ Mo-Fr 08:10-09:50, 16:50-17:50; 8 @ Sa-Su 06:00-08:09; 4 @ Sa-Su 08:10-09:50; 5 @ Mo-Su 21:00-23:00; 8 @ Mo-Su 23:00-00:59",
              "name": "JR山手線",
              "name:de": "JR Yamanote Linie (entgegen dem Uhrzeigersinn)",
              "name:en": "JR Yamanote Line (Inner)",
              "name:es": "Línea JR Yamanote (Interior)",
              "name:it": "Linea Yamanote (interna)",
              "name:ja": "JR山手線 (内回り)",
              "name:ko": "야마노테선",
              "name:ru": "Линия JR Яманотэ",
              "name:zh": "JR山手线 (内圈)",
              "network": "東京近郊区間;山手線",
              "network:en": "Tokyo Suburban Area",
              "network:metro": "山手線",
              "note:interval": "See also traffic information: https://gigazine.net/gsc_news/en/20171206-traffic-information-map",
              "opening_hours": "Mo-Su 04:26-01:18",
              "operator": "東日本旅客鉄道",
              "operator:en": "East Japan Railway Company",
              "operator:ko": "동일본 여객철도 주식회사",
              "public_transport:version": "2",
              "ref": "JY",
              "roundtrip": "yes",
              "route": "train",
              "to": "品川",
              "type": "route",
              "wikidata": "Q693036",
              "wikipedia": "ja:山手線"
            }
          }
        ]
      },
      "geometry": {
        "type": "Point",
        "coordinates": [
          139.7405284,
          35.6354416
        ]
      },
      "id": "node/7293401980"
    },
    {
      "type": "Feature",
      "properties": {
        "@id": "node/4947881828",
        "@relations": [
          {
            "role": "stop",
            "rel": 1972960,
            "reltags": {
              "colour": "#B1CB39",
              "distance": "34.5",
              "duration": "60",
              "from": "品川",
              "interval": "4",
              "interval:conditional": "7 @ Mo-Fr 04:30-05:59; 10 @ Sa-Su 04:30-05:59; 5 @ Mo-Fr 06:00-08:09; 3 @ Mo-Fr 08:10-09:50, 16:50-17:50; 8 @ Sa-Su 06:00-08:09; 4 @ Sa-Su 08:10-09:50; 5 @ Mo-Su 21:00-23:00; 8 @ Mo-Su 23:00-00:59",
              "name": "JR山手線",
              "name:de": "JR Yamanote Linie (entgegen dem Uhrzeigersinn)",
              "name:en": "JR Yamanote Line (Inner)",
              "name:es": "Línea JR Yamanote (Interior)",
              "name:it": "Linea Yamanote (interna)",
              "name:ja": "JR山手線 (内回り)",
              "name:ko": "야마노테선",
              "name:ru": "Линия JR Яманотэ",
              "name:zh": "JR山手线 (内圈)",
              "network": "東京近郊区間;山手線",
              "network:en": "Tokyo Suburban Area",
              "network:metro": "山手線",
              "note:interval": "See also traffic information: https://gigazine.net/gsc_news/en/20171206-traffic-information-map",
              "opening_hours": "Mo-Su 04:26-01:18",
              "operator": "東日本旅客鉄道",
              "operator:en": "East Japan Railway Company",
              "operator:ko": "동일본 여객철도 주식회사",
              "public_transport:version": "2",
              "ref": "JY",
              "roundtrip": "yes",
              "route": "train",
              "to": "品川",
              "type": "route",
              "wikidata": "Q693036",
              "wikipedia": "ja:山手線"
            }
          }
        ]
      },
      "geometry": {
        "type": "Point",
        "coordinates": [
          139.7024696,
          35.6702171
        ]
      },
      "id": "node/4947881828"
    }
  ]
}